Index,Price (in lakhs),City,Floor (Ratio),Furnishing,facing,Bathroom,Balcony,Car Parking,Ownership,BHK,Location,Final Carpet Area (in sqft),CurrentFloor,Transaction,Garden/Park,Main Road,Not Available,Pool,Group
0,27.0,ahmadnagar,0.25,0,-1,1,2,-1,-1,2.0,Aadikailas society Ahmadnagar,650.0,1.0,0,0,0,0,0,0-99
1,23.0,ahmadnagar,0.6666666666666666,0,-1,1,0,-1,-1,1.0,Savedi,515.2,2.0,0,0,0,0,0,0-99
2,43.0,ahmadnagar,0.5,0,-1,5,0,-1,-1,5.0,Ahmednagar,536.0,1.0,0,0,0,0,0,0-99
3,35.0,ahmadnagar,0.3333333333333333,0,-1,1,0,-1,-1,2.0,"Pathardi, Ahmadnagar Ahmadnagar",720.0,1.0,0,0,0,0,0,0-99
4,36.0,ahmadnagar,1.0,1,90,1,2,1,0,2.0,Savedi,622.4000000000001,2.0,0,0,1,0,0,0-99
5,40.0,ahmadnagar,1.0,0,0,1,1,1,0,1.0,Old court Ahmadnagar,624.0,4.0,1,0,1,0,0,0-99
6,27.0,ahmadnagar,0.5,0,-1,1,2,-1,-1,1.0,Sai Gaj Swami MIDC,550.0,2.0,0,0,0,0,0,0-99
7,22.5,ahmadnagar,0.6666666666666666,0,-1,1,0,-1,-1,1.0,Savedi,460.0,2.0,0,0,0,0,0,0-99
8,27.0,ahmadnagar,0.25,1,-1,1,0,-1,-1,1.0,Pipeline Road,520.0,1.0,0,0,0,0,0,0-99
9,21.0,ahmadnagar,0.3333333333333333,1,90,1,1,-1,1,1.0,Anand Vihar apartment Ahmadnagar,450.0,1.0,0,0,0,0,0,0-99
10,50.0,ahmadnagar,0.6666666666666666,1,-1,2,0,-1,-1,2.0,Sarthi Villa Savedi,724.0,2.0,0,0,0,0,0,0-99
11,27.0,ahmadnagar,0.6,0,-1,1,1,-1,-1,1.0,Ekvira Ahmadnagar,612.0,3.0,0,0,0,0,0,0-99
12,34.0,ahmadnagar,1.0,0,-1,1,2,-1,-1,1.0,Savedi,650.0,3.0,1,0,0,0,0,0-99
13,9.9,ahmadnagar,0.6666666666666666,0,45,1,1,-1,-1,1.0,Bhingar,408.0,2.0,0,0,0,0,0,0-99
14,24.0,ahmadnagar,1.0,0,90,1,2,-1,0,2.0,MIDC,760.0,2.0,0,0,1,0,0,0-99
15,15.0,ahmadnagar,0.6666666666666666,1,-1,1,0,-1,-1,,Savedi,400.0,2.0,0,0,0,0,0,0-99
16,30.0,ahmadnagar,1.0,1,-1,1,0,-1,-1,2.0,Savedi,600.0,3.0,0,0,0,0,0,0-99
17,62.0,ahmadnagar,0.25,0,-1,1,0,-1,-1,2.0,Sarjepura City,960.0,1.0,0,0,0,0,0,0-99
18,35.0,ahmadnagar,0.6666666666666666,0,-1,1,1,-1,-1,2.0,Savedi,651.2,2.0,0,0,0,0,0,0-99
19,75.0,ahmadnagar,0.1428571428571428,2,-1,2,1,1,-1,2.0,Savedi,960.0,1.0,0,0,0,0,0,0-99
20,18.0,ahmadnagar,1.0,0,90,1,1,-1,0,2.0,Sai Siddhi Apt Shrirampur,0.0,2.0,0,1,1,0,0,0-99
21,31.0,ahmadnagar,0.5714285714285714,0,45,2,2,-1,0,2.0,Nalegaon,700.0,4.0,0,1,0,0,0,0-99
22,153.0,ahmadnagar,0.2142857142857143,0,-1,3,0,-1,-1,3.0,Sarjepura City,0.0,3.0,0,0,0,0,0,0-99
23,20.0,ahmadnagar,0.6666666666666666,0,-1,1,0,-1,-1,2.0,Sai Siddhi Apt Shrirampur,0.0,2.0,0,0,0,0,0,0-99
24,340.0,ahmadnagar,0.4444444444444444,2,-1,4,1,1,-1,4.0,Anand Nagar,2700.0,4.0,0,1,0,0,0,0-99
25,85.0,ahmadnagar,0.3333333333333333,2,-1,2,1,-1,0,2.0,yashodhan arcade Ahmadnagar,1200.0,1.0,0,0,0,0,0,0-99
26,18.0,ahmadnagar,1.0,0,-1,1,0,-1,-1,1.0,Nirmal Nagar,376.0,3.0,0,0,0,0,0,0-99
27,60.0,ahmadnagar,0.25,0,90,2,1,-1,0,2.0,Saras Nagar,1070.0,1.0,0,0,0,0,0,0-99
28,50.0,ahmadnagar,0.3333333333333333,0,-1,2,2,-1,0,2.0,Savedi,861.0,1.0,0,1,1,0,0,0-99
29,12.0,ahmadnagar,0.6,0,0,1,1,-1,0,1.0,Pipeline Road,422.4,3.0,0,0,1,0,0,0-99
30,33.0,belgaum,,1,90,2,2,-1,0,2.0,Saraswati Nagar,900.0,,0,0,0,0,0,0-99
31,135.0,belgaum,0.5,0,270,4,2,1,0,4.0,Rani Chennamma Nagar,1976.8,2.0,0,0,1,0,0,0-99
32,48.0,belgaum,0.6666666666666666,0,-1,2,1,-1,-1,3.0,Ramdev Galli,880.0,2.0,0,0,0,0,0,0-99
33,81.0,belgaum,0.2,1,-1,3,4,1,0,3.0,Majagaon,1890.0,1.0,0,0,1,0,0,0-99
34,45.0,belgaum,1.0,1,-1,2,0,-1,-1,2.0,Mandoli Road,900.0,4.0,0,0,0,0,0,0-99
35,45.0,belgaum,1.0,1,-1,2,0,-1,-1,2.0,Mandoli Road,900.0,4.0,0,0,0,0,0,0-99
36,80.0,belgaum,0.5,1,-1,3,0,-1,-1,3.0,Mandoli Road,1429.6,7.0,0,0,0,0,0,0-99
37,43.2,belgaum,0.75,0,90,2,2,-1,0,2.0,Tilakwadi,610.0,3.0,1,0,0,0,0,0-99
38,25.0,belgaum,0.5,0,-1,2,2,-1,-1,2.0,Veerbhadra Nagar,900.0,2.0,0,0,0,0,0,0-99
39,5.0,belgaum,0.4,1,0,2,1,1,0,2.0,Ramdev Galli,850.0,2.0,0,0,1,0,0,0-99
40,28.0,belgaum,1.0,1,-1,1,1,-1,-1,2.0,Tilakwadi,700.0,2.0,0,0,0,0,0,0-99
41,100.0,belgaum,0.5,1,-1,4,0,-1,-1,4.0,Shivabasava Nagar,2000.0,2.0,0,0,0,0,0,0-99
42,75.0,belgaum,0.5833333333333334,2,-1,2,2,-1,-1,2.0,Lotus County Tilakwadi,1044.0,7.0,0,1,1,0,1,0-99
43,38.0,belgaum,0.3333333333333333,0,90,1,4,-1,0,2.0,Shree Nagar,1200.0,1.0,0,0,1,0,0,0-99
44,20.0,belgaum,0.5,1,-1,2,0,-1,-1,2.0,Nanawadi,1000.0,1.0,0,0,0,0,0,0-99
45,25.0,belgaum,1.0,0,90,2,4,-1,0,2.0,Nanawadi,600.0,2.0,1,1,1,0,0,0-99
46,42.0,belgaum,0.6666666666666666,1,-1,1,0,-1,-1,2.0,Raviwar Peth,800.0,2.0,0,0,0,0,0,0-99
47,37.5,belgaum,0.5,0,-1,2,1,-1,-1,2.0,Shivabasava Nagar,900.0,1.0,0,0,1,0,0,0-99
48,55.0,belgaum,0.1666666666666667,2,-1,2,0,-1,-1,2.0,Angol,704.0,1.0,0,0,0,0,0,0-99
49,40.0,belgaum,1.0,2,-1,2,2,-1,-1,2.0,Bhagya Nagar,994.0,3.0,0,0,0,0,0,0-99
50,50.0,belgaum,1.0,-1,270,2,1,-1,0,2.0,Ganesh Empire Belgaum,800.0,4.0,0,0,1,0,0,0-99
51,80.0,belgaum,1.0,2,-1,2,1,-1,-1,3.0,Bhagya Nagar,1300.0,4.0,0,0,0,0,0,0-99
52,90.0,belgaum,0.6666666666666666,2,-1,3,3,-1,0,3.0,Arpan heights Belgaum,1500.0,2.0,0,0,0,0,0,0-99
53,25.0,belgaum,0.75,0,-1,2,0,-1,-1,2.0,Nanawadi,720.0,3.0,0,0,0,0,0,0-99
54,56.0,belgaum,0.75,0,45,2,3,-1,-1,2.0,mrithunjaya plaza mahantesh nagar belgaum Belgaum,1053.0,3.0,0,0,0,0,0,0-99
55,32.0,belgaum,0.25,1,-1,1,3,-1,-1,2.0,Shivabasava Nagar,820.0,1.0,0,0,0,0,0,0-99
56,180.0,belgaum,1.0,1,-1,3,0,-1,-1,4.0,Nanawadi,2000.0,4.0,0,0,0,0,0,0-99
57,40.0,belgaum,1.0,2,270,2,3,-1,0,2.0,Hanuman Nagar,750.0,5.0,0,0,1,0,0,0-99
58,32.0,belgaum,1.0,0,-1,2,0,-1,-1,2.0,Bhagya Nagar,820.8000000000001,3.0,0,0,0,0,0,0-99
59,42.0,belgaum,0.6,0,90,2,1,-1,0,2.0,Vishal Skynest C Wing Tilakwadi,780.0,3.0,0,1,0,0,0,0-99
60,32.0,belgaum,0.2,0,90,2,2,-1,-1,2.0,Parvati Nagar,1000.0,1.0,1,0,0,0,0,0-99
61,59.0,belgaum,0.6,1,-1,2,0,-1,-1,3.0,Shastri Nagar,880.8000000000001,3.0,0,0,0,0,0,0-99
62,80.0,belgaum,0.4444444444444444,0,-1,2,2,-1,-1,2.0,Bellavista Nanawadi,1200.0,4.0,0,0,0,0,0,0-99
63,28.0,belgaum,0.5,0,-1,1,0,-1,-1,2.0,Shahapur,720.0,1.0,0,0,0,0,0,0-99
64,32.0,belgaum,1.0,0,-1,2,0,-1,-1,2.0,Adarsh nagar,748.0,3.0,0,0,0,0,0,0-99
65,32.0,belgaum,1.0,1,-1,1,1,-1,-1,2.0,Raviwar Peth,740.0,3.0,0,0,0,0,0,0-99
66,23.0,belgaum,1.0,0,-1,1,3,-1,-1,2.0,Camp,700.0,2.0,0,0,0,0,0,0-99
67,25.0,belgaum,0.2,0,-1,2,0,-1,-1,2.0,Sadashiv Nagar,800.0,1.0,0,0,0,0,0,0-99
68,45.0,belgaum,0.6666666666666666,1,90,1,3,1,-1,2.0,Vadagoan,920.0,2.0,0,0,1,0,0,0-99
69,50.0,belgaum,0.25,1,90,2,0,-1,0,2.0,Adarsh nagar,1200.0,1.0,0,0,0,0,0,0-99
70,65.0,belgaum,,2,-1,1,1,-1,-1,2.0,house Belgaum,600.0,,0,0,0,0,0,0-99
71,45.0,belgaum,0.75,0,0,2,2,0,0,2.0,Maratha Colony,960.0,3.0,0,0,1,0,0,0-99
72,40.0,belgaum,0.5,0,-1,1,0,-1,-1,2.0,Tilakwadi,668.0,2.0,0,0,0,0,0,0-99
73,5.0,belgaum,0.2,1,-1,3,0,-1,-1,2.0,"Ambica heritage apartment,bhagyanagar Belgaum",862.4000000000001,1.0,0,0,0,0,0,0-99
74,95.0,belgaum,1.0,1,0,3,1,-1,1,3.0,Bhagya Nagar,1038.0,4.0,0,0,0,0,0,0-99
75,43.0,belgaum,0.5,0,-1,2,2,-1,-1,2.0,Vadagoan,950.4000000000001,2.0,0,0,0,0,0,0-99
76,31.0,belgaum,0.5,1,0,2,0,-1,0,2.0,Nanawadi,672.0,2.0,1,0,0,0,0,0-99
77,58.0,belgaum,0.25,2,90,2,1,1,1,2.0,Vadagoan,1410.0,1.0,0,1,1,0,0,0-99
78,34.0,belgaum,1.0,0,0,2,2,1,0,2.0,Shahu Nagar,867.2,4.0,0,0,1,0,0,0-99
79,55.0,belgaum,1.0,1,-1,1,0,-1,-1,2.0,Tilakwadi,608.0,4.0,0,0,0,0,0,0-99
80,42.0,belgaum,0.6666666666666666,2,-1,2,2,-1,-1,2.0,Ganeshpur,736.8000000000001,2.0,0,0,0,0,0,0-99
81,27.0,belgaum,0.4,0,90,2,2,-1,0,2.0,Prime Homes Belgaum Veerbhadra Nagar,620.0,2.0,0,0,0,0,0,0-99
82,55.0,belgaum,1.0,1,-1,2,0,-1,-1,2.0,Ganeshpur,726.4000000000001,4.0,0,0,0,0,0,0-99
83,30.0,belgaum,1.0,1,0,1,2,-1,0,1.0,neivo nakshatra apt Belgaum,680.0,3.0,0,0,0,0,0,0-99
84,29.0,belgaum,1.0,1,-1,2,2,1,-1,2.0,Tilakwadi,950.0,3.0,0,0,0,0,0,0-99
85,18.0,belgaum,0.6666666666666666,0,-1,1,0,-1,-1,2.0,Vadagoan,520.0,2.0,0,0,0,0,0,0-99
86,40.0,belgaum,0.8,1,-1,2,0,-1,-1,2.0,Sangameshwar Nagar,800.0,4.0,0,0,0,0,0,0-99
87,90.0,belgaum,0.25,2,90,2,0,1,0,3.0,Bhagya Nagar,1352.0,1.0,0,0,0,0,0,0-99
88,48.0,belgaum,0.25,1,-1,2,2,-1,-1,2.0,Adarsh nagar,1140.0,1.0,0,0,0,0,0,0-99
89,28.0,belgaum,0.75,1,-1,1,0,-1,-1,2.0,Bagalkote Belagavi Road,800.0,3.0,0,0,0,0,0,0-99
90,45.0,bhiwandi,0.0,2,-1,2,0,-1,-1,1.0,Kalher,506.4,0.0,0,0,0,0,0,0-99
91,23.0,bhiwandi,0.5,0,90,1,1,-1,0,1.0,Kalher,565.0,2.0,0,1,1,0,0,0-99
92,32.0,bhiwandi,0.25,0,-1,2,0,-1,-1,2.0,Sonale Village Bhiwandi,636.0,3.0,0,0,0,0,0,0-99
93,35.0,bhiwandi,0.2272727272727273,0,-1,1,0,-1,-1,1.0,borpada Bhiwandi,360.0,5.0,0,0,0,0,0,0-99
94,23.0,bhiwandi,1.0,0,90,2,0,-1,0,1.0,Kalher,400.0,3.0,0,0,1,0,0,0-99
95,38.0,bhiwandi,0.6666666666666666,0,-1,1,0,-1,-1,1.0,Mangal Murti housing complex Bhiwandi,545.6,10.0,0,0,0,0,0,0-99
96,12.0,bhiwandi,0.5,0,-1,1,2,-1,-1,1.0,riya residency Bhiwandi,525.0,2.0,0,0,0,0,0,0-99
97,16.0,bhiwandi,0.0,0,315,1,1,-1,0,1.0,sanjivani complax pawanputra Delveopes Bhiwandi,375.0,0.0,0,1,0,0,0,0-99
98,35.0,bhiwandi,1.0,2,-1,1,0,-1,-1,1.0,Kalher,456.0,3.0,0,0,0,0,0,0-99
99,15.0,bhiwandi,0.0,0,-1,1,0,-1,-1,1.0,kongaon Bhiwandi,510.0,0.0,0,0,0,0,0,0-99
100,32.0,bhiwandi,0.2857142857142857,1,-1,2,2,-1,1,1.0,Avachit Pada,670.0,2.0,0,0,1,0,0,0-99
101,42.0,bhiwandi,0.6666666666666666,2,90,1,0,-1,1,2.0,Kalher,480.0,2.0,0,0,1,0,0,0-99
102,35.0,bhiwandi,1.0,1,-1,1,2,-1,-1,1.0,Jai Mata Di Complex Kalher,475.0,3.0,0,0,0,0,0,0-99
103,25.0,bhiwandi,0.6666666666666666,0,90,1,0,-1,0,2.0,Kalher,556.0,2.0,0,0,0,0,0,0-99
104,30.0,bhiwandi,0.9,0,-1,1,3,-1,-1,1.0,Bhiwandi Wada Road,435.0,9.0,0,1,1,0,0,0-99
105,35.0,bhiwandi,1.0,2,-1,4,0,0,-1,2.0,Shree murlidhar projects pvt LTD Bhiwandi,854.4000000000001,4.0,0,0,0,0,0,0-99
106,30.0,bhiwandi,1.0,0,-1,1,0,-1,-1,2.0,Kalher,670.0,3.0,0,0,0,0,0,0-99
107,18.0,bhiwandi,0.75,0,-1,1,0,-1,-1,1.0,Kongaon kalyan Bhiwandi road Bhiwandi,405.6,3.0,0,0,0,0,0,0-99
108,45.0,bhiwandi,0.5714285714285714,0,0,2,1,-1,1,2.0,Mansarovar Lake Bhiwandi,730.0,8.0,0,1,0,0,0,0-99
109,125.0,bhiwandi,,0,-1,3,0,1,-1,3.0,Lodha Upper Thane Mankoli,1013.0,,1,0,0,0,0,0-99
110,,bhiwandi,0.4166666666666667,1,-1,2,0,-1,-1,2.0,Lodha Upper Thane Mankoli,605.0,10.0,0,0,0,0,0,0-99
111,18.0,bhiwandi,0.3333333333333333,0,-1,1,0,-1,-1,1.0,Waman Apartment Bhiwandi,348.0,1.0,0,0,0,0,0,0-99
112,34.0,bhiwandi,0.0,0,-1,2,2,-1,-1,2.0,Vrundavan Devrung Bhiwandi,580.0,0.0,0,0,0,0,0,0-99
113,20.0,bhiwandi,1.0,0,270,2,0,0,1,1.0,Sai Krupa complex Bhiwandi Wada Road,550.0,3.0,0,1,0,0,0,0-99
114,45.0,bhiwandi,0.5,1,-1,2,3,-1,-1,2.0,Temghar Bhiwandi,995.0,6.0,0,0,0,0,0,0-99
115,56.0,bhiwandi,0.6,0,225,2,0,1,0,1.0,Lodha Upper Thane Mankoli,457.0,12.0,0,1,0,0,0,0-99
116,28.0,bhiwandi,0.1428571428571428,1,0,1,2,-1,1,1.0,Temghar Pada,450.0,1.0,0,1,0,0,0,0-99
117,40.0,bhiwandi,0.7857142857142857,1,-1,2,3,0,0,1.0,Kamatghar,438.0,11.0,0,1,1,0,0,0-99
118,37.0,bhiwandi,0.5,1,-1,2,0,-1,-1,1.0,Kalher,496.0,2.0,0,0,0,0,0,0-99
119,27.5,bhiwandi,1.0,0,270,2,3,-1,0,1.0,Temghar Pada,464.0,15.0,0,1,1,0,0,0-99
120,,bhiwandi,1.0,0,45,2,2,-1,1,3.0,Ranjnoli Village Bhiwandi,852.0,29.0,0,1,0,0,1,0-99
121,125.0,bhiwandi,0.5,2,-1,3,0,1,0,3.0,Lodha Upper Thane Mankoli,1015.0,10.0,0,0,0,0,0,0-99
122,444.0000000000001,bhiwandi,1.0,0,-1,3,0,-1,-1,3.0,Narayan bldg Bhiwandi,1000.0,2.0,0,0,0,0,0,0-99
123,29.0,bhiwandi,0.0,0,45,2,0,-1,0,2.0,Mumbai Nasik Hwy,715.0,0.0,1,1,0,0,0,0-99
124,52.0,bhiwandi,1.0,1,-1,2,3,0,0,2.0,Kamatghar,581.0,14.0,0,0,0,0,0,0-99
125,63.0,bhiwandi,0.75,0,90,1,0,1,0,1.0,Lodha Casa Eden Mankoli,486.0,15.0,1,1,1,0,0,0-99
126,108.0,bhiwandi,0.75,0,90,3,0,1,0,3.0,Lodha Casa Eden Mankoli,815.0,15.0,1,1,1,0,0,0-99
127,70.0,bhiwandi,0.95,0,90,2,0,1,0,2.0,Lodha Casa Eden Mankoli,530.0,19.0,1,0,1,0,0,0-99
128,81.0,bhiwandi,0.4166666666666667,0,90,2,0,1,0,2.0,Lodha Casa Eden Mankoli,628.0,10.0,1,0,1,0,0,0-99
129,21.5,bhiwandi,0.6666666666666666,0,90,1,0,-1,0,1.0,Jai Mata Di Complex Kalher,435.0,2.0,0,0,0,0,0,0-99
130,22.0,bhiwandi,0.3333333333333333,0,-1,1,0,-1,-1,1.0,Jai Mata Di Complex Kalher,308.0,1.0,0,0,0,0,0,0-99
131,29.0,bhiwandi,0.5,1,-1,1,0,-1,-1,1.0,Mankoli,448.0,2.0,0,0,0,0,0,0-99
132,86.0,bhiwandi,0.1,0,0,2,1,1,1,2.0,Lodha Upper Thane Mankoli,663.0,2.0,0,1,0,0,0,0-99
133,50.0,bhiwandi,0.06666666666666667,1,270,1,0,1,1,1.0,Lodha Upper Thane Mankoli,404.0,2.0,0,0,1,0,0,0-99
134,127.0,bhiwandi,,0,90,3,1,1,0,3.0,Lodha Upper Thane Mankoli,1075.0,,1,1,1,0,1,0-99
135,7.0,bhiwandi,0.3333333333333333,1,-1,1,0,-1,-1,1.0,Kamatghar,230.4,1.0,0,0,0,0,0,0-99
136,20.0,bhiwandi,0.0,0,-1,1,1,-1,-1,1.0,Kalher,290.0,0.0,0,0,0,0,0,0-99
137,50.0,bhiwandi,0.4166666666666667,0,-1,2,2,-1,-1,2.0,Atlanta Eden World Bhiwandi,718.0,5.0,0,1,0,0,0,0-99
138,14.0,bhiwandi,0.0,0,-1,1,0,-1,-1,1.0,Balaji apartment Bhiwandi,480.0,0.0,0,0,0,0,0,0-99
139,44.5,bhiwandi,0.08333333333333333,1,-1,2,0,-1,-1,2.0,Kamatghar,740.0,1.0,0,0,0,0,0,0-99
140,45.0,bhiwandi,0.75,0,-1,1,1,-1,-1,1.0,Bhiwandi,600.0,3.0,0,0,0,0,0,0-99
141,26.0,bhiwandi,0.3333333333333333,0,-1,1,0,-1,-1,1.0,Kalher,528.8000000000001,1.0,0,0,0,0,0,0-99
142,24.0,bhiwandi,1.0,0,-1,1,2,-1,-1,1.0,Ashtavinayak Enclave Kalher,400.0,3.0,0,0,0,0,0,0-99
143,39.0,bhiwandi,0.6666666666666666,1,-1,1,0,-1,-1,1.0,Pavanputra Residency Kalher,506.4,2.0,0,0,0,0,0,0-99
144,46.0,bhiwandi,0.25,0,-1,2,2,-1,-1,2.0,Kamatghar,750.0,3.0,0,1,1,0,0,0-99
145,25.0,bhiwandi,1.0,1,0,1,0,-1,0,1.0,Bhiwandi Wada Road,650.0,3.0,0,0,0,0,0,0-99
146,43.4,bhiwandi,0.4,2,90,2,4,-1,0,2.0,Temghar Pada,750.0,6.0,0,1,0,0,0,0-99
147,30.0,bhiwandi,0.07142857142857142,1,-1,1,2,-1,0,1.0,Mumbai Nasik Hwy,400.0,1.0,0,0,0,0,0,0-99
148,120.0,bhiwandi,0.3,0,-1,3,1,0,0,3.0,Lodha Upper Thane Mankoli,1075.0,6.0,0,1,0,0,0,0-99
149,69.0,bhiwandi,0.7333333333333333,1,45,2,3,-1,0,2.0,Arihant City Phase 2 Bhiwandi,668.0,11.0,0,1,0,0,0,0-99
150,68.3,bhiwandi,0.4,1,45,2,0,1,0,2.0,Lodha Upper Thane Mankoli,613.0,8.0,0,1,0,0,0,0-99
151,105.0,bhiwandi,0.2173913043478261,1,45,3,0,1,0,3.0,Lodha Upper Thane Mankoli,875.0,5.0,0,1,0,0,0,0-99
152,130.0,bhiwandi,0.4347826086956522,1,45,3,1,1,0,3.0,Lodha Upper Thane Mankoli,1075.0,10.0,0,1,0,0,0,0-99
153,34.9,bhiwandi,0.1428571428571428,0,-1,2,3,-1,-1,2.0,Kamatghar,850.0,1.0,0,0,0,0,0,0-99
154,20.0,bhiwandi,,-1,-1,0,0,-1,-1,1.0,Naigaon Bhiwandi,480.0,,0,0,0,0,0,0-99
155,98.0,bhiwandi,0.35,1,45,2,1,-1,2,2.0,Lodha Upper Thane Mankoli,663.0,7.0,0,0,1,0,0,0-99
156,78.0,bhiwandi,0.04761904761904762,2,-1,2,2,-1,-1,2.0,Lodha Upper Thane Mankoli,687.0,1.0,0,0,0,0,0,0-99
157,62.0,bhiwandi,0.3,0,-1,2,0,1,0,1.0,Lodha Upper Thane Mankoli,458.0,6.0,0,0,0,0,0,0-99
158,37.5,bhiwandi,0.1428571428571428,0,-1,2,0,-1,-1,2.0,Ashtavinayak co op hsc society Bhiwandi,877.6,1.0,0,0,0,0,0,0-99
159,20.0,bhiwandi,0.75,1,-1,1,0,-1,-1,1.0,Kalher,388.0,3.0,0,0,0,0,0,0-99
160,21.0,bhiwandi,0.5,1,-1,2,2,-1,-1,1.0,Kalher,485.0,2.0,0,0,0,0,0,0-99
161,139.0,bhiwandi,0.25,0,90,3,2,1,0,3.0,Lodha Upper Thane Mankoli,1014.0,5.0,1,0,1,0,0,0-99
162,56.9,bhiwandi,0.25,0,90,1,0,0,0,1.0,Lodha Upper Thane Mankoli,418.0,5.0,1,0,1,0,0,0-99
163,320.0,bhiwandi,0.3333333333333333,1,-1,2,0,-1,-1,2.0,Kalher,536.0,1.0,0,0,0,0,0,0-99
164,54.0,bhiwandi,0.0,1,-1,2,0,-1,-1,1.0,Lodha Upper Thane Mankoli,447.2,0.0,0,0,0,0,0,0-99
165,62.0,bhiwandi,0.7333333333333333,1,-1,1,2,-1,-1,2.0,Mumbai Nasik Hwy,673.0,11.0,0,0,0,0,0,0-99
166,14.0,bhiwandi,0.6666666666666666,1,-1,1,0,-1,-1,1.0,Kalher,345.0,2.0,0,0,0,0,0,0-99
167,95.0,bhiwandi,0.6,0,90,2,1,-1,0,2.0,Lodha Upper Thane Mankoli,613.0,12.0,0,1,0,0,0,0-99
168,60.0,bhiwandi,0.9285714285714286,1,45,2,2,0,0,2.0,Bhiwandi Wada Road,660.8000000000001,13.0,0,0,0,0,0,0-99
169,63.0,bhiwandi,0.55,0,90,2,2,1,0,2.0,Lodha Upper Thane Mankoli,520.0,11.0,0,1,1,0,0,0-99
170,99.0,bhiwandi,0.5238095238095238,0,90,3,3,1,0,3.0,Lodha Upper Thane Mankoli,816.0,11.0,0,1,1,0,0,0-99
171,28.0,bhiwandi,0.3333333333333333,0,-1,1,1,-1,-1,1.0,Roopkamal Plaza Kalher,408.0,1.0,0,0,0,0,0,0-99
172,50.0,bhiwandi,0.7272727272727273,0,-1,1,0,-1,-1,1.0,Lodha Upper Thane Mankoli,380.0,16.0,0,0,0,0,0,0-99
173,60.0,bhiwandi,0.9,2,-1,2,0,-1,-1,1.0,Lodha Upper Thane Mankoli,388.8,18.0,0,0,0,0,0,0-99
174,58.0,bhiwandi,0.75,1,-1,2,0,-1,-1,2.0,Kalher,752.0,3.0,0,0,0,0,0,0-99
175,35.0,bhiwandi,0.0,0,270,1,0,-1,1,1.0,Kalher,565.0,0.0,0,1,0,0,0,0-99
176,28.0,bhiwandi,0.5,2,-1,2,0,-1,-1,1.0,S S Apartment Near Lodha gate no2 Upper Thane Bhiwandi,528.0,2.0,0,0,0,0,0,0-99
177,14.0,bhiwandi,0.6666666666666666,0,-1,1,0,-1,0,1.0,Mankoli,360.0,2.0,1,0,0,0,0,0-99
178,62.0,bhiwandi,0.5,2,225,2,0,-1,1,1.0,Lodha Upper Thane Mankoli,480.0,9.0,0,1,1,0,1,0-99
179,70.0,bhiwandi,0.45,1,-1,2,0,-1,-1,2.0,lodha upper thane Bhiwandi,580.0,9.0,0,0,0,0,0,0-99
180,35.0,jodhpur,0.5555555555555556,1,-1,2,2,-1,0,2.0,Pal Gaon,800.0,5.0,0,1,1,0,0,0-99
181,40.0,jodhpur,0.3333333333333333,0,-1,2,1,-1,-1,2.0,Pal Road,1150.0,1.0,0,0,0,0,0,0-99
182,32.0,jodhpur,1.0,0,270,2,2,-1,0,2.0,Valley Jodhpur,1000.0,2.0,0,1,1,0,0,0-99
183,105.0,jodhpur,1.0,0,0,4,4,-1,1,4.0,Pal Road,1850.0,4.0,0,1,1,0,1,0-99
184,37.0,jodhpur,0.2222222222222222,0,90,3,0,1,0,3.0,"shobhatiyon ki dhani, Jodhpur Jodhpur",629.0,2.0,0,1,0,0,0,0-99
185,17.0,jodhpur,0.25,2,-1,1,0,-1,-1,1.0,Sangariya,280.0,1.0,0,0,0,0,0,0-99
186,160.0,jodhpur,0.0,0,270,2,1,-1,0,3.0,Shashtri Nagar,1500.0,0.0,0,0,1,0,0,0-99
187,15.0,jodhpur,0.2,2,-1,1,0,-1,-1,1.0,Arihant Anchal Jhanwar Road,304.0,1.0,0,0,0,0,0,0-99
188,30.0,jodhpur,0.4,2,-1,2,1,-1,-1,2.0,jai ambay residency Jodhpur,800.0,2.0,0,0,0,0,0,0-99
189,55.0,jodhpur,0.2727272727272727,1,0,2,4,-1,-1,2.0,Mangaldeep Majestick Vaishnav Colony,1000.0,3.0,0,0,0,0,0,0-99
190,40.0,jodhpur,1.0,1,-1,2,0,-1,-1,2.0,Vimlaanchal 2/3 BHK Flats Jodhpur,806.4000000000001,7.0,0,0,0,0,0,0-99
191,38.0,jodhpur,0.3571428571428572,0,270,2,3,-1,0,2.0,Mangaldeep Palbalaji Pal Road,1040.0,5.0,0,0,1,0,0,0-99
192,25.0,jodhpur,0.6363636363636364,1,-1,2,0,-1,-1,2.0,Marwar Apartment Sector 14 Chopasni Housing Board,800.0,7.0,0,0,0,0,0,0-99
193,31.0,jodhpur,,-1,-1,0,0,-1,-1,1.0,"Johari Apartment,opp.Khass Bagh, Ratanada Jodhpur",396.0,,0,0,0,0,0,0-99
194,45.0,jodhpur,1.0,0,-1,3,3,1,-1,3.0,Jodhpur,1000.0,5.0,0,0,0,0,0,0-99
195,70.0,jodhpur,0.25,1,-1,3,0,-1,-1,3.0,Ratanada,960.0,1.0,0,0,0,0,0,0-99
196,25.0,jodhpur,0.0,2,-1,2,0,-1,-1,2.0,Jhanwar Rd Jodhpur,720.0,0.0,0,0,0,0,0,0-99
197,23.5,jodhpur,0.75,1,-1,2,0,-1,-1,2.0,Dharti Angan Jhalamand Circle,506.4,3.0,0,0,0,0,0,0-99
198,25.0,jodhpur,0.0,2,-1,2,0,-1,-1,2.0,Chaukhan,480.0,0.0,0,0,0,0,0,0-99
199,55.0,jodhpur,0.5555555555555556,2,-1,2,0,-1,-1,3.0,Chopasni Housing Board,880.0,5.0,0,0,0,0,0,0-99
200,23.0,jodhpur,0.3333333333333333,0,-1,2,1,-1,0,1.0,UDHIYAN APARTMENT 21 SECOTER CHB Pal Road,592.0,1.0,0,0,1,0,0,0-99
201,29.0,jodhpur,0.1,1,-1,2,0,-1,-1,2.0,Love home Jodhpur,560.0,1.0,0,0,0,0,0,0-99
202,55.0,jodhpur,0.75,0,90,2,2,-1,0,2.0,Jeet Apartment Jodhpur,800.0,3.0,0,0,0,0,0,0-99
203,65.0,jodhpur,0.25,0,225,3,2,-1,0,3.0,Sanjivani residency Jodhpur,1070.4,1.0,0,0,0,0,0,0-99
204,8.0,jodhpur,0.7777777777777778,0,-1,1,0,-1,-1,1.0,Veetrag City Pal Road,292.8,7.0,0,0,0,0,0,0-99
205,70.0,jodhpur,0.625,2,-1,3,0,-1,-1,2.0,Veetrag City Pal Road,1076.0,10.0,1,0,0,0,0,0-99
206,84.4,jodhpur,0.4166666666666667,1,-1,4,0,-1,-1,4.0,Veetrag City Pal Road,1920.0,5.0,0,0,0,0,0,0-99
207,45.0,jodhpur,0.3333333333333333,1,-1,3,2,-1,-1,3.0,Parsvnath City,1530.0,1.0,0,0,0,0,0,0-99
208,50.0,jodhpur,0.2727272727272727,0,-1,2,2,1,-1,3.0,New Pali Road,1120.0,3.0,0,0,0,0,0,0-99
209,54.0,jodhpur,0.8,1,0,2,2,0,0,3.0,Ashiana Dwarka Pal Road,1224.0,4.0,0,1,0,0,0,0-99
210,57.0,jodhpur,0.3333333333333333,2,90,3,0,1,-1,3.0,Kasturi Residency ,1048.0,1.0,0,1,0,0,0,0-99
211,25.0,jodhpur,0.6666666666666666,0,-1,2,0,-1,-1,2.0,Parsvnath City,600.0,2.0,0,0,0,0,0,0-99
212,101.0,jodhpur,0.5,1,0,3,3,-1,-1,2.0,Sardarpura,870.4000000000001,3.0,0,0,1,0,0,0-99
213,61.0,jodhpur,0.9333333333333333,1,-1,2,3,0,0,2.0,Mangaldeep Palbalaji Pal Road,1298.0,14.0,0,0,0,0,0,0-99
214,41.0,jodhpur,1.0,2,-1,2,1,-1,-1,2.0,Sardarpura,900.0,5.0,0,0,0,0,0,0-99
215,31.0,jodhpur,0.3333333333333333,1,315,2,2,-1,0,2.0,Pal Gaon,776.0,3.0,0,1,0,0,0,0-99
216,17.5,jodhpur,0.3333333333333333,0,-1,2,0,-1,-1,2.0,Parsvnath City,612.0,1.0,0,0,0,0,0,0-99
217,20.0,jodhpur,0.0,1,-1,1,1,-1,-1,2.0,City Homes Mandore,100.0,0.0,0,0,0,0,0,0-99
218,22.0,jodhpur,1.0,0,-1,2,0,-1,-1,2.0,Parsvnath City,612.0,2.0,0,0,0,0,0,0-99
219,31.0,jodhpur,0.6,1,-1,1,0,-1,-1,2.0,Ratanada,544.0,3.0,0,0,0,0,0,0-99
220,180.0,jodhpur,1.0,2,270,5,3,-1,0,6.0,Gulab Nagar,110.0,3.0,1,0,0,0,0,0-99
221,45.0,jodhpur,1.0,1,-1,2,2,-1,0,2.0,Circuit House Road,900.0,3.0,0,0,0,0,0,0-99
222,15.5,jodhpur,1.0,0,90,1,2,-1,0,1.0,Ashapurna Nanomax Ratanada,485.6,2.0,0,0,0,0,0,0-99
223,125.0,jodhpur,0.6666666666666666,1,135,3,2,-1,0,3.0,Umaid Heritage Ratanada,1260.0,2.0,0,1,1,0,0,0-99
224,40.0,jodhpur,0.75,2,-1,2,0,-1,-1,2.0,"Ratanada, Jodhpur Jodhpur",640.0,3.0,0,0,0,0,0,0-99
225,9.0,jodhpur,0.0,0,-1,1,0,-1,-1,1.0,Kudi Bhagtasni Housing Board,263.2,0.0,0,0,0,0,0,0-99
226,75.0,jodhpur,1.0,1,-1,4,3,-1,-1,4.0,Pal Road,1092.0,9.0,0,0,0,0,0,0-99
227,60.0,jodhpur,0.4615384615384616,1,-1,2,0,-1,-1,2.0,Veetrag City Pal Road,1076.0,6.0,0,0,0,0,0,0-99
228,63.0,jodhpur,0.5,1,90,3,0,1,1,3.0,"Sanjivani residency Vidhya Nagar, Jodhpur Jodhpur",1070.4,2.0,0,0,0,0,0,0-99
229,27.0,jodhpur,0.6666666666666666,1,-1,2,0,-1,-1,2.0,New Pali Road,572.0,2.0,0,0,0,0,0,0-99
230,60.0,jodhpur,0.6666666666666666,2,90,2,1,-1,-1,2.0,C Road Sardarpura,960.0,2.0,0,1,1,0,0,0-99
231,33.0,jodhpur,1.0,1,-1,2,0,-1,-1,2.0,Vinayak Nagar,680.0,3.0,0,0,0,0,0,0-99
232,28.0,jodhpur,0.0,1,0,1,1,-1,0,2.0,Ashapurna City Pal Road,1250.0,0.0,0,0,1,0,0,0-99
233,35.0,jodhpur,1.0,1,-1,3,0,0,-1,3.0,Adeshwar nagar Jodhpur,960.0,3.0,0,0,0,0,0,0-99
234,26.0,jodhpur,1.0,0,-1,2,0,-1,-1,2.0,Parsvnath City,612.0,2.0,0,0,0,0,0,0-99
235,15.0,jodhpur,0.5,0,-1,2,0,-1,-1,2.0,Anganwa,700.0,2.0,0,0,0,0,0,0-99
236,15.0,jodhpur,0.6666666666666666,0,-1,2,0,-1,-1,2.0,Anganwa,560.0,2.0,0,0,0,0,0,0-99
237,18.0,jodhpur,1.0,2,90,1,1,-1,0,1.0,New Pali Road,388.8,4.0,1,0,1,0,0,0-99
238,42.0,jodhpur,0.4166666666666667,0,0,2,0,0,0,2.0,Ashiana Dwarka Pal Road,800.0,5.0,0,1,0,0,0,0-99
239,26.0,jodhpur,0.0,0,-1,2,0,-1,-1,2.0,Kudi Bhagtasni Housing Board,0.0,0.0,0,0,0,0,0,0-99
240,127.0,kozhikode,0.2777777777777778,2,0,3,1,1,0,3.0,Palazhi,1450.0,5.0,0,0,1,0,0,0-99
241,55.0,kozhikode,0.5,2,315,2,1,1,0,2.0,East Hill,1050.0,6.0,0,1,1,0,1,0-99
242,87.0,kozhikode,,0,-1,2,1,1,2,2.0,Karaparamba,1087.2,,0,1,1,0,1,0-99
243,62.8,kozhikode,,1,-1,2,0,1,-1,2.0,Silver Linden Meenchanda,868.0,,1,0,0,0,0,0-99
244,59.0,kozhikode,0.631578947368421,1,315,2,1,1,0,2.0,Silver Linden Meenchanda,1000.0,12.0,0,0,1,0,0,0-99
245,52.0,kozhikode,0.2777777777777778,1,315,2,1,1,0,2.0,Landmark Metropolis Jawahar Nagar,1074.0,5.0,0,0,1,0,0,0-99
246,42.0,kozhikode,0.5,1,225,3,0,-1,0,2.0,Malaparamba,950.0,2.0,0,0,1,0,0,0-99
247,88.0,kozhikode,0.9230769230769231,0,-1,2,0,-1,-1,3.0,Sarovaram BioPark,1220.0,12.0,0,0,0,0,0,0-99
248,60.0,kozhikode,0.5,2,-1,3,0,-1,-1,2.0,Kannadikkal,997.6,1.0,0,0,0,0,0,0-99
249,45.0,kozhikode,0.75,1,90,2,0,1,0,2.0,Nadakkave,829.6,3.0,0,0,0,0,0,0-99
250,87.0,kozhikode,0.5454545454545454,2,0,3,2,-1,0,3.0,Skyline Palace Heights Nadakkave,1550.0,6.0,1,1,1,0,0,0-99
251,115.0,kozhikode,0.3076923076923077,0,-1,3,3,-1,-1,3.0,Sarovaram BioPark,1600.0,4.0,0,0,0,0,0,0-99
252,22.0,kozhikode,1.0,0,-1,2,0,-1,-1,2.0,Bilathikkulam,560.0,3.0,0,0,0,0,0,0-99
253,70.0,kozhikode,0.1428571428571428,1,-1,3,0,-1,-1,3.0,Nadakkave,1148.0,2.0,0,0,0,0,0,0-99
254,80.0,kozhikode,0.2,1,90,2,2,-1,0,2.0,Vellayil,1048.0,4.0,0,0,1,0,0,0-99
255,153.0,kozhikode,,2,-1,4,0,1,-1,4.0,One Anthem Nellikkode,1783.2,,1,0,0,0,0,0-99
256,60.0,kozhikode,0.3333333333333333,2,-1,2,0,-1,0,3.0,Chalapuram,1180.0,1.0,0,0,1,0,0,0-99
257,92.0,kozhikode,0.4166666666666667,1,315,3,1,1,0,2.0,Thondayad,1300.0,10.0,1,1,0,0,0,0-99
258,110.0,kozhikode,0.1818181818181818,0,-1,3,0,-1,-1,3.0,Kallai,1760.0,2.0,0,0,0,0,0,0-99
259,48.0,kozhikode,0.5416666666666666,1,315,1,1,-1,0,1.0,Thondayad,680.0,13.0,1,1,0,0,0,0-99
260,98.0,kozhikode,0.3888888888888889,0,0,3,1,1,-1,3.0,Thondayad,1550.0,7.0,0,0,1,0,0,0-99
261,70.0,kozhikode,,0,-1,2,1,1,0,2.0,Hilite Residency Thondayad,995.2,,1,0,0,0,0,0-99
262,80.0,kozhikode,0.4375,2,0,3,1,1,-1,3.0,YMCA Road,1450.0,7.0,0,0,1,0,0,0-99
263,80.0,kozhikode,0.2173913043478261,0,-1,2,0,-1,-1,2.0,Ashokapuram,912.0,5.0,0,0,0,0,0,0-99
264,85.0,kozhikode,0.1,1,-1,2,1,1,0,2.0,Hilite Residency Thondayad,1000.0,2.0,1,1,1,0,1,0-99
265,58.0,kozhikode,0.5,0,-1,4,2,-1,-1,3.0,Chevayoor,1095.2,4.0,0,0,0,0,0,0-99
266,45.0,kozhikode,0.8888888888888888,1,-1,2,0,-1,-1,2.0,Govindapuram,808.0,8.0,0,0,0,0,0,0-99
267,79.5,kozhikode,0.2631578947368421,2,-1,2,1,1,0,2.0,Hilite Residency Thondayad,950.0,5.0,0,1,1,0,0,0-99
268,135.0,kozhikode,0.4583333333333333,1,315,3,1,-1,0,3.0,Crescent Platinum Ashokapuram,1550.0,11.0,0,1,0,0,1,0-99
269,342.0,kozhikode,1.0,2,-1,4,0,-1,-1,5.0,Ritz Marina West Hill,3600.0,1.0,0,0,0,0,0,0-99
270,160.0,kozhikode,,-1,-1,0,0,-1,-1,4.0,Asset Gulmohar Panniyankara,1748.0,,0,0,0,0,0,0-99
271,125.0,kozhikode,0.07692307692307693,2,90,2,0,-1,-1,2.0,Crescent Zinnia Kozhikode,920.0,1.0,0,0,0,0,0,0-99
272,55.0,kozhikode,0.0,0,-1,2,0,-1,-1,2.0,Nadakkave,880.0,0.0,0,0,0,0,0,0-99
273,46.0,kozhikode,0.0,0,0,2,1,-1,0,2.0,Kallai,950.0,0.0,0,1,1,0,0,0-99
274,150.0,kozhikode,0.5714285714285714,0,90,3,1,1,0,3.0,Pottammal,1000.0,12.0,1,0,1,0,0,0-99
275,79.0,kozhikode,0.5333333333333333,2,0,2,1,1,0,2.0,Pottammal,1250.0,8.0,0,0,1,0,0,0-99
276,150.0,kozhikode,,-1,-1,0,0,-1,-1,3.0,Tcone Skywalk apartment Kozhikode,1424.0,,0,0,0,0,0,0-99
277,320.0,kozhikode,0.5294117647058824,0,-1,4,2,-1,0,4.0,Magnum Opus Vellayil,3000.0,18.0,0,0,0,0,0,0-99
278,69.0,kozhikode,0.7222222222222222,2,315,2,1,1,0,2.0,Mananchira,1110.0,13.0,0,1,1,0,0,0-99
279,52.0,kozhikode,0.1333333333333333,2,315,2,1,1,0,2.0,Puthiyangadi,1000.0,2.0,0,1,1,0,0,0-99
280,95.0,kozhikode,0.2105263157894737,1,315,3,1,1,0,3.0,Thondayad,1550.0,4.0,0,0,1,0,0,0-99
281,90.0,kozhikode,0.8,0,-1,4,2,-1,0,3.0,Karaparamba,1543.0,8.0,1,0,0,0,0,0-99
282,92.0,kozhikode,0.96,1,-1,2,3,-1,0,2.0,Landmark World Thondayad,1120.0,24.0,1,1,1,0,1,0-99
283,50.0,kozhikode,0.2,0,-1,2,1,-1,-1,2.0,Peruvayal,900.0,1.0,0,1,0,0,1,0-99
284,,kozhikode,0.25,1,-1,0,1,-1,-1,2.0,Peruvayal,830.0,1.0,0,0,0,0,0,0-99
285,90.0,kozhikode,0.08333333333333333,0,-1,4,1,-1,-1,4.0,Galaxy Kozhikode,1800.0,1.0,0,0,0,0,0,0-99
286,78.0,kozhikode,0.7142857142857143,0,-1,2,1,-1,-1,2.0,Confident Exotica Apartments Kottooli,769.0,10.0,1,1,0,0,1,0-99
287,98.0,kozhikode,,0,315,3,1,1,0,3.0,Hilite Residency Thondayad,1454.0,,1,0,0,0,0,0-99
288,60.0,kozhikode,0.5,0,-1,3,2,-1,-1,2.0,Silver Oak Paroppady Paroppadi,900.0,4.0,0,0,0,0,0,0-99
289,130.0,kozhikode,1.0,0,90,2,1,-1,0,2.0,Malabar Builders Royal Mulberry Karaparamba,1279.0,10.0,1,1,1,0,1,0-99
290,120.0,kozhikode,0.3076923076923077,0,-1,3,3,-1,-1,3.0,Sarovaram BioPark,1600.0,4.0,0,0,0,0,0,0-99
291,70.0,kozhikode,0.6666666666666666,2,-1,3,2,-1,-1,2.0,Thondayad,1350.0,12.0,0,0,0,0,0,0-99
292,60.0,kozhikode,0.5,2,-1,3,1,-1,-1,3.0,Peruvayal,0.0,2.0,0,0,0,0,0,0-99
293,120.0,kozhikode,0.4166666666666667,0,-1,4,3,-1,-1,3.0,Vellayil,1350.4,5.0,0,0,0,0,0,0-99
294,60.0,kozhikode,0.5,1,-1,2,0,-1,-1,2.0,Pantheerankavu,880.0,7.0,0,0,0,0,0,0-99
295,76.0,kozhikode,0.5,0,-1,3,1,-1,0,2.0,Confident Exotica Apartments Kottooli,748.0,7.0,0,1,1,0,1,0-99
296,90.0,kozhikode,0.2857142857142857,0,0,2,2,1,0,2.0,Hilite Residency Thondayad,979.2,2.0,0,1,1,0,1,0-99
297,100.0,kozhikode,0.05,2,315,3,1,1,0,3.0,Hilite Residency Thondayad,1200.0,1.0,1,1,1,0,1,0-99
298,73.0,kozhikode,0.6,1,-1,2,1,1,0,2.0,Hilite Residency Thondayad,1150.0,12.0,1,1,1,0,1,0-99
299,50.0,kozhikode,0.7142857142857143,1,-1,2,0,-1,-1,3.0,Arayidathupalam,1456.0,5.0,0,0,0,0,0,0-99
300,70.0,madurai,1.0,0,-1,2,0,-1,-1,2.0,Narimedu,1000.0,4.0,0,0,0,0,0,0-99
301,,madurai,1.0,0,-1,3,0,-1,-1,3.0,Aruppukottai Road,800.0,1.0,0,0,0,0,0,0-99
302,75.0,madurai,0.5,2,-1,2,1,-1,-1,3.0,Iyer Bungalow,1540.0,2.0,0,0,0,0,0,0-99
303,16.5,madurai,0.3333333333333333,1,90,1,1,0,-1,1.0,Thiru Nagar,348.8,1.0,0,0,0,0,0,0-99
304,40.0,madurai,0.6,1,90,2,2,1,0,2.0,Aparna paradise phase 4 Madurai,920.0,3.0,0,0,0,0,0,0-99
305,65.0,madurai,0.6,1,-1,2,1,-1,-1,2.0,Satyasai Nagar Madurai,1110.0,3.0,0,0,0,0,0,0-99
306,66.0,madurai,0.6,1,-1,2,0,1,-1,2.0,"Bharath towers, Ss colony Madurai",868.0,3.0,0,0,0,0,0,0-99
307,160.0,madurai,0.0,0,0,9,2,-1,0,,Virattipathu,2200.0,0.0,0,1,0,0,0,0-99
308,50.0,madurai,0.5,0,180,2,0,1,0,2.0,"P and T Nagar Road, Madurai Madurai",704.0,1.0,0,1,1,0,0,0-99
309,52.0,madurai,1.0,0,-1,2,2,-1,-1,2.0,Housing board flat Madurai,700.0,2.0,0,0,0,0,0,0-99
310,65.0,madurai,0.0,1,0,2,0,-1,2,2.0,Madakkulam,900.0,0.0,0,0,1,0,0,0-99
311,38.0,madurai,0.3333333333333333,0,-1,1,1,-1,-1,1.0,gyanaolivupuram housing board plot no C4/7 Madurai,400.0,1.0,0,0,0,0,0,0-99
312,55.0,madurai,0.6666666666666666,0,180,2,1,-1,0,2.0,Fortune Residency Kovalan Nagar,1000.0,2.0,0,0,0,0,0,0-99
313,77.0,madurai,0.2,2,90,3,2,-1,-1,3.0,S S colony,1380.0,1.0,0,0,0,0,0,0-99
314,31.5,madurai,0.25,-1,-1,2,0,-1,-1,1.0,Andalpuram,520.0,1.0,0,0,0,0,0,0-99
315,33.5,madurai,1.0,-1,-1,2,0,-1,-1,1.0,Andalpuram,520.0,4.0,0,0,0,0,0,0-99
316,6.0,madurai,0.0,0,-1,2,0,-1,-1,2.0,Lalapuram Thirumangalam Madurai,1200.0,0.0,0,0,0,0,0,0-99
317,,madurai,,-1,-1,1,0,-1,-1,1.0,Ellis Nagar,600.0,,0,0,0,0,0,0-99
318,38.0,madurai,0.6,-1,-1,2,0,-1,-1,2.0,Pudur,686.4000000000001,3.0,0,0,0,0,0,0-99
319,80.0,madurai,0.25,-1,-1,2,0,-1,-1,3.0,Andalpuram,1019.2,1.0,0,0,0,0,0,0-99
320,25.0,madurai,0.0,0,0,2,1,-1,0,2.0,Pasumalai,675.0,0.0,0,1,1,0,0,0-99
321,85.0,madurai,,2,-1,4,1,-1,-1,4.0,Iyer Bungalow,1750.0,,0,0,0,0,0,0-99
322,60.0,madurai,0.8,1,180,2,2,-1,0,2.0,Surya nagar,1061.0,4.0,0,0,1,0,0,0-99
323,,madurai,0.3333333333333333,1,-1,2,0,-1,-1,2.0,Madurai,864.0,2.0,0,0,0,0,0,0-99
324,25.0,madurai,1.0,1,180,2,2,0,0,2.0,Vilachery Madurai,780.0,4.0,0,0,0,0,0,0-99
325,,madurai,1.0,1,-1,1,1,-1,-1,1.0,Vistahara Vilangudi,650.0,3.0,0,0,0,0,0,0-99
326,65.0,madurai,0.4,2,-1,3,1,-1,-1,3.0,Velmurugan Nagar,1188.0,2.0,0,0,0,0,0,0-99
327,55.0,madurai,0.8571428571428571,1,-1,2,0,-1,-1,2.0,Bypass Road,792.0,6.0,0,0,0,0,0,0-99
328,55.0,madurai,0.8571428571428571,2,-1,2,0,-1,-1,2.0,Bypass Road,944.0,6.0,0,0,0,0,0,0-99
329,23.0,madurai,0.5,0,-1,1,1,-1,-1,1.0,Visthara Enclave Vilangudi,450.0,1.0,0,0,0,0,0,0-99
330,26.0,navsari,0.2352941176470588,0,-1,2,0,-1,-1,2.0,"Chikhli, Navsari Navsari",800.0,4.0,0,0,0,0,0,0-99
331,36.0,navsari,1.0,2,270,2,1,-1,0,2.0,Lunsikui,1776.8,5.0,0,1,1,0,0,0-99
332,13.5,navsari,0.6666666666666666,0,-1,2,2,-1,-1,2.0,amalsad plaza apartment station road amalsad Navsari,1070.0,2.0,0,0,0,0,0,0-99
333,40.0,navsari,0.1666666666666667,0,-1,2,0,-1,-1,3.0,Navsari,1120.0,1.0,0,0,0,0,0,0-99
334,26.5,navsari,0.4,0,-1,2,2,-1,1,2.0,Lunsikui,1170.0,2.0,0,0,1,0,0,0-99
335,22.5,navsari,0.6,1,-1,2,2,-1,-1,2.0,university road Navsari,1250.0,3.0,0,0,0,0,0,0-99
336,15.0,navsari,1.0,1,-1,1,0,-1,-1,1.0,Green avenue society zaveri sadak navsari Navsari,560.0,3.0,0,0,0,0,0,0-99
337,25.0,navsari,0.8,0,-1,2,3,-1,0,2.0,Navsari,1080.0,4.0,0,0,0,0,0,0-99
338,16.3,navsari,0.8,0,45,2,2,1,0,2.0,Shantadevi Road,792.0,4.0,1,1,1,0,0,0-99
339,27.0,navsari,0.2,0,90,2,2,-1,1,3.0,Apple Residency Navsari,807.0,1.0,1,0,0,0,0,0-99
340,18.0,navsari,0.875,1,90,2,1,-1,3,1.0,Navsari,650.0,7.0,0,1,1,0,0,0-99
341,35.0,navsari,0.8,2,0,2,2,-1,1,2.0,Sanskardham residency Navsari,1330.0,4.0,0,0,0,0,0,0-99
342,12.0,navsari,1.0,0,90,1,1,-1,-1,1.0,Shantadevi Road,480.0,4.0,0,0,0,0,0,0-99
343,25.0,navsari,1.0,0,90,2,2,-1,0,2.0,Lunsikui,1200.0,4.0,0,0,0,0,0,0-99
344,28.0,navsari,0.25,0,-1,2,0,-1,-1,2.0,Shivalay C block Navsari,700.0,1.0,0,0,0,0,0,0-99
345,21.5,navsari,0.8,1,-1,2,0,-1,-1,2.0,"MAHAVIR SOCIETY, ZAVERI SADAK Navsari",928.0,4.0,0,0,0,0,0,0-99
346,14.5,navsari,0.8,1,45,1,1,-1,1,1.0,Chhapra Road,580.0,4.0,0,0,0,0,0,0-99
347,12.0,navsari,0.5,0,-1,1,0,-1,-1,1.0,Asha Nagar,560.0,2.0,0,0,0,0,0,0-99
348,31.6,navsari,,0,90,2,2,1,0,2.0,Chhapra Road,760.0,,1,0,1,0,0,0-99
349,23.0,navsari,0.8,0,90,2,1,-1,0,1.0,Navsari,1150.0,4.0,0,0,0,0,0,0-99
350,17.5,navsari,1.0,1,-1,2,0,-1,-1,2.0,Eru,852.0,4.0,0,0,0,0,0,0-99
351,38.0,navsari,1.0,2,-1,3,2,-1,0,3.0,Asha Nagar,1325.0,6.0,0,0,1,0,0,0-99
352,23.0,navsari,0.6666666666666666,2,-1,1,1,-1,-1,2.0,Nilanjan Complex Navsari,650.0,6.0,0,0,0,0,0,0-99
353,44.9,navsari,0.3333333333333333,0,-1,3,0,-1,-1,3.0,Madhumati Colony,1560.0,1.0,0,0,0,0,0,0-99
354,60.0,navsari,1.0,0,225,3,2,-1,0,3.0,Navsari,0.0,5.0,0,0,0,0,0,0-99
355,27.0,navsari,1.0,0,90,2,3,-1,0,2.0,Navsari,1000.0,5.0,1,0,1,0,0,0-99
356,39.3,navsari,,0,90,3,3,1,0,3.0,Chhapra Road,1100.0,,1,0,1,0,0,0-99
357,38.0,navsari,0.6,1,90,2,2,-1,2,3.0,SANKET ELEGANCE Navsari,1152.0,3.0,0,0,1,0,0,0-99
358,25.0,navsari,0.0,2,90,1,1,0,2,2.0,Sindhi colony Navsari,2500.0,0.0,0,0,1,0,0,0-99
359,33.0,navsari,0.8333333333333334,2,90,2,0,-1,0,2.0,Navsari,956.0,5.0,0,0,1,0,0,0-99
360,22.0,nellore,0.8,1,-1,2,0,-1,-1,2.0,Sullurupeta,640.0,4.0,0,0,0,0,0,0-99
361,27.0,nellore,0.25,0,-1,2,0,-1,-1,2.0,Tada,868.8000000000001,1.0,0,0,0,0,0,0-99
362,55.0,nellore,0.6,2,90,2,1,-1,0,2.0,Lectures colony Nellore,1190.0,3.0,0,1,1,0,0,0-99
363,30.0,nellore,0.4,0,-1,2,0,-1,-1,2.0,Muthukuru,1080.0,2.0,0,0,0,0,0,0-99
364,38.0,nellore,0.0,0,90,2,1,-1,0,2.0,BV Nagar,870.0,0.0,0,0,0,0,0,0-99
365,85.0,nellore,0.8,1,90,3,2,-1,0,3.0,Podalakur Road,1750.0,4.0,0,0,0,0,0,0-99
366,60.0,nellore,0.8,2,-1,2,0,-1,-1,3.0,DSR Square Haranathapuram,1219.2,4.0,0,0,0,0,0,0-99
367,,nellore,1.0,0,-1,3,1,-1,-1,3.0,Nellore,1300.0,4.0,0,0,0,0,0,0-99
368,150.0,nellore,0.0,0,180,5,5,-1,1,5.0,maguntalayout Nellore,1100.0,0.0,0,0,1,0,1,0-99
369,65.0,nellore,0.8,0,-1,3,0,-1,-1,3.0,Vedayapalem,1196.0,4.0,0,0,0,0,0,0-99
370,55.0,nellore,0.3333333333333333,0,-1,1,0,-1,-1,1.0,Naidupeta,520.0,1.0,0,0,0,0,0,0-99
371,23.0,nellore,0.5,1,-1,1,0,-1,-1,1.0,Tada,573.0,2.0,0,0,0,0,0,0-99
372,28.0,nellore,1.0,0,0,2,1,1,0,2.0,Nellore,1000.0,3.0,0,1,1,0,0,0-99
373,15.0,nellore,0.6,1,90,2,2,1,0,2.0,Satyamg Nagar Dhanalakshmi Puram,999.0,3.0,0,1,0,0,0,0-99
374,50.0,nellore,0.8,0,45,2,1,-1,0,2.0,Haranathapuram,1200.0,4.0,0,1,0,0,0,0-99
375,37.0,nellore,0.2,0,-1,2,0,-1,-1,2.0,"Almas Towers ,Tower A ,first flour,flat no 103 Nellore",936.0,1.0,0,0,0,0,0,0-99
376,32.5,nellore,0.4,2,-1,2,0,-1,-1,2.0,Balaji nagar,960.0,2.0,0,0,0,0,0,0-99
377,50.5,nellore,0.2,1,90,2,1,1,0,2.0,Iskon city,1295.0,1.0,0,0,0,0,0,0-99
378,23.5,nellore,0.8,1,0,2,1,1,0,2.0,Chintareddy Palem,960.0,4.0,0,0,0,0,0,0-99
379,30.0,nellore,0.0,-1,90,2,1,1,0,2.0,Tada,857.6,0.0,0,1,0,0,0,0-99
380,30.0,nellore,0.2,0,90,2,0,-1,0,2.0,Musunur,800.0,1.0,1,1,1,0,0,0-99
381,87.0,nellore,1.0,2,90,3,0,1,-1,3.0,Pride Residency Nellore,1344.0,6.0,0,0,0,0,0,0-99
382,24.0,nellore,1.0,2,90,1,1,1,0,1.0,Sree Meadows Tada,496.0,5.0,0,1,0,0,0,0-99
383,35.0,nellore,0.6,1,270,2,1,1,-1,2.0,SRICITY Nellore,900.0,3.0,0,0,1,0,0,0-99
384,75.0,nellore,0.0,0,-1,3,0,-1,-1,2.0,Residential house Nellore,1600.0,0.0,0,0,0,0,0,0-99
385,50.0,nellore,0.4,2,-1,3,3,-1,-1,3.0,Saisri Elite Dhanalakshmi Puram,1300.0,2.0,0,0,0,0,0,0-99
386,36.0,nellore,0.3333333333333333,0,-1,2,1,-1,-1,2.0,Sree Lake View Tada,918.4000000000001,1.0,0,0,0,0,0,0-99
387,55.0,nellore,0.5,2,-1,3,0,-1,-1,3.0,Bugiginellore,1280.0,2.0,0,0,0,0,0,0-99
388,45.0,nellore,0.6,1,270,2,1,-1,0,2.0,Kumari Neotown Tada,980.0,3.0,0,0,1,0,0,0-99
389,21.0,nellore,0.2,1,90,2,1,-1,-1,2.0,Buchireddypalem,1000.0,1.0,0,0,0,0,0,0-99
390,38.0,palakkad,0.5,1,270,2,1,0,-1,2.0,Chunnambuthara,1000.0,1.0,0,0,0,0,0,0-99
391,60.0,palakkad,0.0,0,-1,3,1,-1,-1,3.0,Nurani,1333.0,0.0,1,0,0,0,0,0-99
392,38.0,palakkad,1.0,0,90,2,1,-1,0,2.0,Kalpathi,970.0,2.0,0,1,0,0,0,0-99
393,80.0,palakkad,1.0,1,90,3,3,-1,-1,3.0,Chathamkulam Pride Park Tharekkad,1424.0,4.0,0,1,0,0,0,0-99
394,80.0,palakkad,1.0,1,90,3,3,-1,0,3.0,Chathamkulam Pride Park Tarekadu,1424.0,4.0,0,1,1,0,0,0-99
395,41.0,palakkad,0.2,2,-1,2,0,-1,-1,2.0,Ayyapuram,856.0,1.0,0,0,0,0,0,0-99
396,27.0,palakkad,1.0,0,-1,2,0,-1,-1,2.0,Kalpathi,825.0,1.0,0,0,0,0,0,0-99
397,65.0,palakkad,0.75,0,90,3,1,-1,0,3.0,Parakkunnam,1500.0,3.0,0,0,1,0,0,0-99
398,45.0,palakkad,1.0,2,-1,3,0,-1,-1,3.0,Marutharoad,1280.0,5.0,0,0,0,0,0,0-99
399,35.0,palakkad,1.0,1,-1,2,2,-1,-1,3.0,Builtech Victorian Enclave Palakkad,1365.0,2.0,0,0,0,0,0,0-99
400,55.0,palakkad,0.3333333333333333,1,270,3,1,-1,2,3.0,Sekaripuram Palakkad,1289.0,2.0,0,0,1,0,0,0-99
401,48.0,palakkad,1.0,0,-1,3,1,-1,-1,3.0,Sekharipuram,1670.0,2.0,1,0,0,0,0,0-99
402,90.0,palakkad,1.0,2,-1,4,1,-1,-1,4.0,mannarkkad Palakkad,1400.0,2.0,0,0,0,0,0,0-99
403,31.0,palakkad,0.6666666666666666,2,-1,2,1,-1,-1,2.0,Kalpathi,798.4000000000001,2.0,0,0,0,0,0,0-99
404,75.0,palakkad,0.3636363636363636,1,270,2,1,1,0,3.0,Kalpathi,1188.0,4.0,0,1,1,0,0,0-99
405,32.0,palakkad,0.6666666666666666,1,-1,2,2,-1,-1,2.0,Nurani,950.0,2.0,0,0,0,0,0,0-99
406,68.0,palakkad,0.6,0,-1,2,1,-1,-1,2.0,Manapullikavu,1250.0,6.0,1,0,0,0,0,0-99
407,35.0,palakkad,0.5,0,-1,2,1,1,-1,2.0,Pirayiri,760.0,2.0,0,0,0,0,0,0-99
408,62.0,palakkad,0.5,1,0,2,2,1,0,3.0,Jaiprakash Apartment Koppam,1200.0,2.0,0,0,1,0,0,0-99
409,29.5,palakkad,,-1,-1,0,0,-1,-1,1.0,Palakkad,560.0,,0,0,0,0,0,0-99
410,34.0,palakkad,0.5,1,90,2,1,-1,2,2.0,Srishti Pearl Palakkad,968.0,1.0,0,0,1,0,0,0-99
411,78.0,palakkad,0.3333333333333333,0,-1,3,1,-1,1,3.0,Kanjikode,1392.0,2.0,0,1,1,0,0,0-99
412,66.0,palakkad,0.0,2,-1,2,2,-1,0,2.0,Kalmandapam,1300.0,0.0,0,1,1,0,0,0-99
413,80.0,palakkad,0.0,0,-1,4,0,-1,-1,3.0,College Road,1600.0,0.0,0,0,0,0,0,0-99
414,33.0,palakkad,1.0,0,90,2,1,-1,0,2.0,Kalpathi,720.0,2.0,0,0,1,0,0,0-99
415,38.0,palakkad,0.8333333333333334,0,-1,2,0,-1,-1,2.0,Manapullikavu,776.0,5.0,0,0,0,0,0,0-99
416,60.0,palakkad,0.8181818181818182,2,-1,2,3,-1,1,2.0,Palakkad,1104.0,9.0,0,1,1,0,0,0-99
417,29.5,palakkad,0.0,0,90,3,0,-1,0,2.0,Mattumanda,760.0,0.0,0,0,1,0,0,0-99
418,30.0,palakkad,0.0,0,90,2,2,1,0,2.0,Shoranur,900.0,0.0,1,0,1,0,0,0-99
419,50.0,palakkad,0.5714285714285714,1,-1,2,0,-1,-1,2.0,SA Homes Jewel 3 Premium Apartments Kalepully,921.6,4.0,0,0,0,0,0,0-99
420,30.0,pondicherry,0.25,0,-1,2,0,-1,-1,2.0,"Reddiarpalayam, Pondicherry Pondicherry",680.0,1.0,0,0,0,0,0,0-99
421,63.0,pondicherry,0.5,1,180,3,3,-1,0,3.0,Mudaliarpet,1050.0,2.0,1,0,1,0,0,0-99
422,35.0,pondicherry,0.75,0,0,2,1,-1,0,2.0,Reddiarpalayam,900.0,3.0,0,1,0,0,0,0-99
423,,pondicherry,0.75,1,0,10,6,1,0,8.0,Pondicherry,5200.0,3.0,0,0,1,0,0,0-99
424,50.0,pondicherry,0.8,0,-1,3,0,-1,-1,3.0,Bharathi Nagar Pondicherry,1120.0,4.0,0,0,0,0,0,0-99
425,43.0,pondicherry,0.0,0,-1,3,0,-1,-1,2.0,Ellaipillaichavady,960.0,0.0,0,0,0,0,0,0-99
426,40.0,pondicherry,1.0,2,270,2,1,-1,0,2.0,Alpha Elite Annai Nagar,576.0,3.0,0,1,1,0,0,0-99
427,42.0,pondicherry,0.5,1,-1,3,0,1,0,3.0,Thavalakuppam,1350.0,2.0,0,0,0,0,0,0-99
428,170.0,pondicherry,0.5,0,45,8,1,-1,2,6.0,Reddiarpalayam,2880.0,1.0,0,1,0,0,0,0-99
429,40.0,pondicherry,0.4,0,-1,2,0,1,0,3.0,Krishna Nagar,1050.0,2.0,0,0,0,0,0,0-99
430,48.0,pondicherry,0.0,1,180,2,1,-1,0,3.0,Alpha Elite Annai Nagar,1165.0,0.0,1,1,0,0,0,0-99
431,89.6,pondicherry,0.2,2,90,2,2,0,0,2.0,AVM APARTMENT ECR Krishna Nagar,1120.0,1.0,0,1,1,0,0,0-99
432,120.0,pondicherry,1.0,0,90,3,4,-1,0,4.0,AVM APARTMENT ECR Krishna Nagar,1839.2,4.0,0,0,0,0,0,0-99
433,50.0,pondicherry,0.8,-1,-1,2,0,-1,-1,2.0,Mudaliarpet,934.4000000000001,4.0,0,0,0,0,0,0-99
434,40.0,pondicherry,0.0,1,-1,1,0,-1,-1,2.0,Tagore Nagar,572.0,0.0,0,0,0,0,0,0-99
435,18.5,pondicherry,0.0,2,-1,1,0,0,-1,1.0,Auroville,560.0,0.0,0,0,0,0,0,0-99
436,36.0,pondicherry,0.6666666666666666,1,90,2,2,-1,0,2.0,Reddiarpalayam,845.0,2.0,0,0,1,0,0,0-99
437,40.0,pondicherry,1.0,1,-1,2,2,-1,-1,3.0,vels apartments Pondicherry,1000.0,3.0,0,0,0,0,0,0-99
438,40.0,pondicherry,0.0,1,-1,2,0,1,-1,3.0,Pondicherry,1040.0,0.0,0,0,0,0,0,0-99
439,135.0,pondicherry,0.5,2,-1,3,0,-1,-1,3.0,Moolakulam,1920.0,1.0,0,0,0,0,0,0-99
440,55.0,pondicherry,1.0,1,-1,2,0,-1,-1,2.0,Anna Nagar,800.0,4.0,0,0,0,0,0,0-99
441,43.0,pondicherry,0.0,0,-1,2,0,-1,-1,2.0,Ellaipillaichavady,840.0,0.0,0,0,0,0,0,0-99
442,30.0,pondicherry,0.3333333333333333,1,-1,2,0,-1,-1,2.0,Ellaipillaichavady,600.0,1.0,0,0,0,0,0,0-99
443,42.0,pondicherry,0.0,0,-1,2,0,-1,-1,2.0,Ellaipillaichavady,720.0,0.0,0,0,0,0,0,0-99
444,72.0,pondicherry,0.8,0,-1,2,0,-1,-1,3.0,Pakkamudayanpet,1188.0,4.0,0,0,0,0,0,0-99
445,60.0,pondicherry,0.5,2,-1,3,0,-1,-1,3.0,Ellaipillaichavady,1200.0,1.0,0,0,0,0,0,0-99
446,75.0,pondicherry,0.6666666666666666,1,-1,3,0,-1,-1,3.0,Thanthai Periyar Nagar,921.6,2.0,0,0,0,0,0,0-99
447,70.0,pondicherry,0.3333333333333333,1,-1,2,1,1,-1,2.0,Kottakuppam,998.4000000000001,1.0,0,0,0,0,0,0-99
448,35.0,pondicherry,1.0,0,180,2,1,1,-1,2.0,Avvai Nagar,800.0,3.0,0,0,0,0,0,0-99
449,100.0,pondicherry,0.75,1,-1,3,0,-1,-1,3.0,"222, Dr Ambedkar Rd Mudaliarpet, Puducherry Pondicherry",1252.0,3.0,0,0,0,0,0,0-99
450,45.0,rajahmundry,0.4,0,90,3,1,1,0,3.0,Ave Appa Rao Road,1400.0,2.0,0,1,1,0,1,0-99
451,45.0,rajahmundry,0.0,0,-1,2,0,-1,-1,3.0,Konda Gunturu,960.0,0.0,0,0,0,0,0,0-99
452,62.0,rajahmundry,0.4,2,90,2,1,-1,0,3.0,Morampudi,1000.0,2.0,0,0,0,0,0,0-99
453,34.0,rajahmundry,1.0,0,-1,2,2,-1,-1,2.0,Konthamur,920.0,5.0,0,0,0,0,0,0-99
454,118.0,rajahmundry,0.5,2,90,3,2,-1,0,3.0,Jawaharlal Nehru Road,1800.0,2.0,1,1,1,0,0,0-99
455,63.0,rajahmundry,0.1666666666666667,1,-1,3,0,-1,-1,3.0,Gandhipuram,1200.0,1.0,0,0,0,0,0,0-99
456,100.0,rajahmundry,0.6,0,-1,3,2,-1,-1,3.0,Ave Appa Rao Road,1900.0,3.0,0,0,0,0,0,0-99
457,55.0,rajahmundry,1.0,0,-1,2,3,-1,0,3.0,Paluri Heights Venkatswara Nagar,1260.0,5.0,0,0,0,0,0,0-99
458,70.0,rajahmundry,0.6666666666666666,0,90,2,3,1,0,3.0,Danavai Peta,1300.0,2.0,0,0,1,0,0,0-99
459,28.0,rajahmundry,0.4,1,45,2,2,1,0,2.0,Bridge County Deevancheru,868.0,2.0,0,0,1,0,0,0-99
460,31.0,rajahmundry,1.0,0,270,3,2,-1,0,3.0,CHANDRIKA AVANTHIKA Rajanagaram,1100.0,5.0,1,1,0,0,0,0-99
461,30.0,rajahmundry,0.8,1,-1,2,2,-1,-1,2.0,Chandrika Vilaasini Srirampuram Road,800.0,4.0,0,0,0,0,0,0-99
462,61.1,rajahmundry,0.4,1,0,3,2,1,2,3.0,Bridge County Deevancheru,1360.0,2.0,0,1,0,0,0,0-99
463,150.0,rajahmundry,0.8,0,90,3,2,-1,0,3.0,Sheela Nagar,2000.0,4.0,0,0,1,0,0,0-99
464,40.0,rajahmundry,0.8,0,-1,2,1,-1,-1,2.0,APHB Colony Lalacheruvu,1157.0,4.0,0,0,0,0,0,0-99
465,33.0,rajahmundry,1.0,0,180,2,0,-1,0,2.0,Morampudi,900.0,5.0,1,1,1,0,0,0-99
466,32.0,rajahmundry,,-1,-1,0,0,-1,-1,2.0,J K RESIDENCY APARTMENT Rajahmundry,840.0,,0,0,0,0,0,0-99
467,32.0,rajahmundry,,-1,-1,0,0,-1,-1,2.0,J K RESIDENCY APARTMENTS RAMAKRISHNA NAGAR Rajahmundry,832.0,,0,0,0,0,0,0-99
468,185.0,rajahmundry,0.2,0,-1,3,2,-1,-1,4.0,Morampudi,2800.0,1.0,0,0,0,0,0,0-99
469,40.0,rajahmundry,1.0,0,90,3,0,1,0,2.0,korukonda Rajahmundry,1000.0,1.0,0,0,1,0,0,0-99
470,57.0,rajahmundry,0.4,0,90,3,2,-1,0,3.0,Hukumpeta,1300.0,2.0,0,0,1,0,0,0-99
471,42.0,rajahmundry,0.2,0,90,2,1,-1,0,2.0,Morampudi,1000.0,1.0,0,0,1,0,0,0-99
472,63.0,rajahmundry,1.0,0,90,2,2,-1,0,3.0,Ave Appa Rao Road,1362.0,4.0,0,1,0,0,0,0-99
473,36.0,rajahmundry,0.2,0,45,2,1,1,0,2.0,Morampudi,940.0,1.0,0,1,1,0,0,0-99
474,34.5,rajahmundry,0.8,0,270,2,1,1,0,2.0,Hukumpeta,900.0,4.0,0,1,1,0,0,0-99
475,62.0,rajahmundry,0.2,1,270,3,3,1,0,3.0,Chandrika Vilaasini Srirampuram Road,1406.4,1.0,0,0,0,0,0,0-99
476,150.0,rajahmundry,0.0,0,-1,3,0,-1,-1,2.0,Vidyuth Colony,920.0,0.0,0,0,0,0,0,0-99
477,65.0,rajahmundry,0.8,1,270,2,3,1,0,3.0,narayanapuram Rajahmundry,1300.0,4.0,0,1,0,0,0,0-99
478,31.0,rajahmundry,0.5,2,-1,2,1,-1,-1,2.0,Athidi Enclave Rajahmundry,800.0,3.0,0,0,0,0,0,0-99
479,25.0,rajahmundry,0.3333333333333333,0,90,2,2,0,0,2.0,Hukumpeta,850.0,1.0,0,0,1,0,0,0-99
480,65.0,rajahmundry,0.4,1,-1,2,0,-1,-1,2.0,Syamala Nagar Rajahmundry,920.0,2.0,0,0,0,0,0,0-99
481,32.0,rajahmundry,0.6,0,-1,2,2,-1,-1,2.0,SRK Nagar Society Buildings Rajahmundry,950.0,3.0,0,0,0,0,0,0-99
482,40.0,rajahmundry,0.8,0,-1,2,1,-1,-1,2.0,Bommuru,816.0,4.0,0,0,0,0,0,0-99
483,49.0,rajahmundry,0.2,1,0,2,1,-1,0,2.0,Prakasam Nagar,1200.0,1.0,0,0,0,0,0,0-99
484,35.0,rajahmundry,1.0,1,-1,2,2,-1,-1,2.0,Konthamur,870.0,2.0,0,0,0,0,0,0-99
485,35.0,rajahmundry,1.0,1,90,2,2,1,0,2.0,Konthamur,870.0,2.0,0,0,1,0,0,0-99
486,80.0,rajahmundry,0.6,1,-1,3,0,-1,-1,3.0,Jawaharlal Nehru Rd Rajahmundry,1320.0,3.0,0,0,0,0,0,0-99
487,36.0,rajahmundry,0.8,0,-1,2,0,-1,-1,3.0,CHANDRIKA AVANTHIKA Rajanagaram,1100.0,4.0,0,0,0,0,0,0-99
488,29.5,rajahmundry,0.6,0,90,2,1,1,0,3.0,CHANDRIKA AVANTHIKA Rajanagaram,1100.0,3.0,0,1,0,0,1,0-99
489,56.0,rajahmundry,0.4,2,45,2,2,-1,0,3.0,Pidimgoyya,1200.0,2.0,0,1,1,0,1,0-99
490,49.9,rajahmundry,0.2,1,-1,2,0,-1,-1,3.0,Bhaskar Nagar Rajahmundry,880.0,1.0,0,0,0,0,0,0-99
491,45.0,rajahmundry,0.0,2,-1,2,0,-1,-1,2.0,VIDUT NAGAR Rajahmundry,800.0,0.0,0,0,0,0,0,0-99
492,24.0,rajahmundry,0.75,0,270,2,1,-1,0,2.0,Gurukulam Road,900.0,3.0,0,0,1,0,0,0-99
493,150.0,rajahmundry,0.8,0,90,3,2,-1,0,4.0,Lalacheruvu,2500.0,4.0,0,0,1,0,0,0-99
494,62.0,rajahmundry,1.0,0,-1,3,2,1,-1,3.0,Chandrika Vilaasini Srirampuram Road,1800.0,5.0,0,0,1,0,0,0-99
495,45.0,rajahmundry,0.125,2,270,2,2,1,-1,2.0,Sahasra Hills Apartment Rajahmundry,928.0,1.0,0,0,0,0,0,0-99
496,40.0,rajahmundry,1.0,0,0,2,2,-1,0,2.0,sowmya appartment Rajahmundry,1000.0,2.0,0,0,1,0,0,0-99
497,59.0,rajahmundry,0.6,0,-1,2,0,-1,-1,2.0,Venkateswara Nagar,1040.0,3.0,0,0,0,0,0,0-99
498,26.5,rajahmundry,0.0,0,90,2,1,-1,0,2.0,Prakasam Nagar,900.0,0.0,0,0,0,0,0,0-99
499,59.0,rajahmundry,0.8,1,270,3,3,-1,-1,3.0,Paluri Heights Venkatswara Nagar,1300.0,4.0,0,0,0,0,0,0-99
500,27.0,rajahmundry,0.3333333333333333,0,90,2,1,-1,0,2.0,Diwancheruvu,1000.0,1.0,1,1,1,0,0,0-99
501,100.0,rajahmundry,0.4,0,-1,3,2,-1,-1,3.0,avapparao Rajahmundry,1800.0,2.0,0,0,0,0,0,0-99
502,85.0,rajahmundry,0.6,1,0,2,1,-1,0,3.0,jithendra premier jn Road Rajahmundry,1250.0,3.0,0,0,0,0,0,0-99
503,39.0,rajahmundry,0.4,0,180,2,2,-1,-1,2.0,Venkatadri Gardens Katheru,1175.0,2.0,0,1,0,0,0,0-99
504,45.0,rajahmundry,0.4,0,90,2,3,1,0,3.0,Srirampuram Road,1400.0,2.0,0,1,1,0,1,0-99
505,105.0,rajahmundry,0.25,2,0,3,1,1,-1,3.0,Gandhipuram,1600.0,1.0,0,0,1,0,0,0-99
506,56.0,rajahmundry,0.8333333333333334,1,-1,2,0,-1,-1,2.0,Jawaharlal Nehru Road,864.0,5.0,0,0,0,0,0,0-99
507,15.0,rajahmundry,0.6666666666666666,1,90,1,2,-1,0,1.0,Alcot Gardens,600.0,2.0,0,0,1,0,0,0-99
508,90.0,rajahmundry,1.0,1,0,3,1,-1,-1,3.0,Gandhipuram,1320.0,5.0,0,0,1,0,0,0-99
509,45.0,rajahmundry,1.0,2,-1,2,0,-1,-1,2.0,A.v. Apparao road Rajahmundry,152.0,3.0,0,0,0,0,0,0-99
510,18.0,rajahmundry,0.2,0,-1,2,0,-1,-1,2.0,Auto Nagar,708.8000000000001,1.0,0,0,0,0,0,0-99
511,36.0,rajahmundry,0.5,1,90,2,1,-1,0,2.0,Konthamur,900.0,2.0,0,0,1,0,0,0-99
512,22.0,rajahmundry,0.4,1,-1,2,2,-1,-1,2.0,Kolamuru,0.0,2.0,0,0,0,0,0,0-99
513,80.0,rajahmundry,0.25,0,-1,2,2,-1,-1,3.0,Lalacheruvu,1400.0,1.0,0,0,0,0,0,0-99
514,40.0,rajahmundry,,0,90,2,3,-1,0,3.0,lotus signature towers Rajahmundry,1260.0,,0,1,1,0,1,0-99
515,47.9,rajahmundry,0.5,1,-1,2,1,-1,-1,2.0,raj Rajahmundry,740.0,3.0,0,0,0,0,0,0-99
516,32.0,rajahmundry,1.0,0,0,2,2,-1,0,2.0,Ganesh residency Rajahmundry,1050.0,5.0,0,0,1,0,0,0-99
517,61.5,rajahmundry,0.75,2,-1,2,0,-1,-1,2.0,Tilak Road,1000.0,3.0,0,0,0,0,0,0-99
518,100.0,rajahmundry,1.0,0,-1,3,0,-1,-1,3.0,Tilak Road,1768.0,5.0,0,0,0,0,0,0-99
519,26.0,rajahmundry,0.5,0,-1,2,0,-1,-1,2.0,Konthamur,1000.0,2.0,0,0,0,0,0,0-99
520,52.0,rajahmundry,0.6,2,270,2,2,-1,0,2.0,Kohinoor Park Bommuru,840.0,3.0,0,1,1,0,0,0-99
521,44.0,rajahmundry,0.8,2,90,2,1,-1,0,2.0,Mangalavaripeta,50.0,4.0,0,0,1,0,0,0-99
522,36.0,rajahmundry,0.0,2,-1,2,0,-1,-1,2.0,Konthamur,880.0,0.0,0,0,0,0,0,0-99
523,48.0,rajahmundry,0.4,1,-1,2,1,-1,-1,2.0,P & T Colony,980.0,2.0,0,0,0,0,0,0-99
524,44.0,rajahmundry,0.8,1,-1,2,0,-1,-1,2.0,Mangalavaripeta,804.0,4.0,0,0,0,0,0,0-99
525,45.3,rajahmundry,,0,-1,2,0,-1,-1,2.0,Bridge County Deevancheru,868.0,,1,0,0,0,0,0-99
526,49.5,rajahmundry,,0,-1,3,0,-1,-1,3.0,Bridge County Deevancheru,948.0,,1,0,0,0,0,0-99
527,40.0,rajahmundry,0.8,2,0,2,2,1,0,2.0,Hukumpeta,643.0,4.0,0,1,1,0,0,0-99
528,27.0,rajahmundry,,-1,-1,0,0,-1,-1,3.0,Bommuru,880.0,,0,0,0,0,0,0-99
529,25.0,rajahmundry,0.6666666666666666,2,-1,2,0,-1,-1,2.0,Navbharat Nagar,900.0,2.0,0,0,0,0,0,0-99
530,29.0,rajahmundry,1.0,0,-1,2,0,-1,-1,2.0,Navbharat Nagar,800.0,5.0,0,0,0,0,0,0-99
531,35.0,rajahmundry,1.0,0,-1,2,0,-1,-1,2.0,Navbharat Nagar,880.0,5.0,0,0,0,0,0,0-99
532,32.0,rajahmundry,0.8,0,-1,2,0,-1,-1,2.0,Navbharat Nagar,800.0,4.0,0,0,0,0,0,0-99
533,175.0,rajahmundry,1.0,0,45,3,2,1,0,3.0,Jawaharlal Nehru Road,1980.0,5.0,0,1,1,0,0,0-99
534,34.0,rajahmundry,0.8,1,-1,2,2,-1,-1,2.0,Bridge County ,672.0,4.0,1,0,0,0,0,0-99
535,67.5,rajahmundry,1.0,0,270,3,2,1,0,3.0,Hukumpeta,1200.0,5.0,0,0,0,0,0,0-99
536,22.0,rajahmundry,0.75,0,-1,2,0,-1,-1,2.0,Swarop Nagar Rajahmundry,560.0,3.0,0,0,0,0,0,0-99
537,40.0,rajahmundry,0.6,0,-1,2,1,-1,0,2.0,Sri Vasavi Plaza Rajahmundry,1195.0,3.0,0,0,0,0,0,0-99
538,58.0,rajahmundry,0.8,2,-1,2,1,-1,-1,2.0,Modal Colony Rajahmundry,900.0,4.0,0,0,0,0,0,0-99
539,48.0,rajahmundry,0.2,2,-1,2,0,-1,-1,3.0,Savitrinagar,1100.0,1.0,0,0,0,0,0,0-99
540,16.0,satara,0.5,0,-1,1,0,-1,-1,1.0,"Shirwal, Satara Satara",421.6,2.0,0,0,0,0,0,0-99
541,17.0,satara,0.6666666666666666,0,-1,1,1,-1,-1,1.0,Phaltan,488.0,2.0,0,0,0,0,0,0-99
542,45.0,satara,0.2,1,-1,2,0,-1,-1,2.0,Ayodhya Nagari Koyananagar,740.0,1.0,0,0,0,0,0,0-99
543,19.5,satara,0.25,1,270,1,1,1,0,1.0,Sahupuri,450.0,1.0,0,1,0,0,0,0-99
544,14.0,satara,0.5,1,-1,1,1,-1,-1,1.0,Jakatwadi,400.0,2.0,0,0,0,0,0,0-99
545,24.0,satara,0.5,0,90,1,2,-1,0,1.0,Songirwadi,563.2,2.0,0,0,0,0,0,0-99
546,23.0,satara,0.75,0,-1,2,2,-1,0,2.0,Shahupuri,750.0,3.0,1,1,0,0,1,0-99
547,30.9,satara,0.5,0,-1,2,1,-1,-1,2.0,Khed,800.0,2.0,0,0,0,0,0,0-99
548,25.0,satara,0.25,1,90,1,2,-1,0,1.0,Adarsh Sangam Sangamnagar,650.0,1.0,0,1,1,0,1,0-99
549,16.0,satara,1.0,0,90,2,2,-1,0,1.0,Kodoli,485.0,3.0,0,0,0,0,0,0-99
550,28.0,satara,0.75,0,-1,1,0,-1,-1,2.0,Sadar Bazar,640.0,3.0,0,0,0,0,0,0-99
551,35.0,satara,1.0,0,-1,2,2,-1,-1,2.0,Shahunagar,726.4000000000001,4.0,0,0,0,0,0,0-99
552,29.0,satara,1.0,0,-1,1,0,-1,-1,1.0,Wai,548.0,2.0,0,0,0,0,0,0-99
553,18.0,satara,1.0,0,-1,1,2,-1,-1,1.0,avadhut terees apartment Satara,655.0,4.0,0,0,1,0,0,0-99
554,12.0,satara,0.0,0,-1,1,1,1,0,1.0,Wai,400.0,0.0,0,1,0,0,0,0-99
555,15.0,satara,0.3333333333333333,0,-1,1,1,-1,-1,1.0,Aditya Pride Mhaswad Satara,635.0,1.0,0,0,0,0,0,0-99
556,,satara,0.6666666666666666,1,-1,1,1,-1,0,1.0,Wai Satara Road,510.0,2.0,0,0,0,0,0,0-99
557,35.0,satara,1.0,1,-1,2,0,-1,-1,2.0,Karanje Turf Satara Satara,700.0,2.0,0,0,0,0,0,0-99
558,18.0,satara,0.25,0,-1,1,0,-1,-1,1.0,Green homes Satara,488.0,1.0,0,0,0,0,0,0-99
559,35.0,satara,,0,-1,1,2,-1,-1,2.0,wai kalaniketan Satara,600.0,,0,0,0,0,0,0-99
560,24.0,satara,0.3333333333333333,1,-1,1,1,-1,-1,1.0,Karanje,627.0,1.0,0,0,0,0,0,0-99
561,11.0,satara,1.0,0,-1,1,1,-1,-1,1.0,Shirwal,580.0,4.0,0,1,1,0,0,0-99
562,45.0,satara,0.0,2,90,2,2,1,0,2.0,Sai Nagari Godoli,697.6,0.0,0,1,0,0,0,0-99
563,50.0,satara,0.0,1,-1,2,0,-1,-1,2.0,Khed,1555.2,0.0,0,0,0,0,0,0-99
564,48.0,satara,0.0,0,-1,3,0,-1,-1,2.0,Deeplaxmi Apartment Ramacha Got Satara,960.0,0.0,0,0,0,0,0,0-99
565,22.0,satara,0.5,0,0,2,2,-1,0,2.0,Mhasave Satara,760.0,1.0,0,1,1,0,0,0-99
566,19.0,satara,1.0,1,-1,1,0,-1,-1,1.0,Malhar Peth,438.0,4.0,0,0,0,0,0,0-99
567,25.0,satara,1.0,1,-1,1,0,-1,-1,1.0,Gajanan Nilayam Samantha Mandir Satara,512.0,2.0,0,0,0,0,0,0-99
568,17.5,satara,1.0,0,-1,1,1,-1,-1,1.0,Heramb Nagar Karanje Mahswe road Karanje Satara,450.0,3.0,0,0,0,0,0,0-99
569,30.0,satara,0.4,0,-1,2,0,-1,-1,2.0,Urbangram Vastushodh Shirwal,680.0,2.0,0,0,0,0,0,0-99
570,20.0,satara,1.0,1,-1,1,0,-1,-1,1.0,Dalvi Complex Satara,596.0,4.0,0,0,0,0,0,0-99
571,14.0,satara,0.6666666666666666,1,-1,1,0,-1,-1,1.0,Kodoli,512.0,2.0,0,0,0,0,0,0-99
572,14.0,satara,1.0,0,45,1,1,-1,1,1.0,Wai,424.0,3.0,0,0,1,0,0,0-99
573,20.0,satara,0.6,0,-1,0,0,-1,-1,,Khed,529.6,3.0,0,0,0,0,0,0-99
574,35.0,satara,0.5,1,-1,2,1,0,0,2.0,Shirwal,840.0,2.0,0,1,1,0,0,0-99
575,18.0,satara,0.75,0,-1,1,0,-1,-1,1.0,Rajwada,440.0,3.0,0,0,0,0,0,0-99
576,230.0,satara,1.0,0,-1,1,0,-1,-1,1.0,Kalpana Vilas apartment tamjainagar Satara,500.0,3.0,0,0,0,0,0,0-99
577,230.0,satara,1.0,0,-1,1,0,-1,-1,1.0,Kalpana Vilas apartment tamjainagar Satara,500.0,3.0,0,0,0,0,0,0-99
578,18.0,satara,0.25,0,-1,1,0,-1,-1,1.0,"Wadhe Phata, Satara Satara",440.0,1.0,0,0,0,0,0,0-99
579,20.0,satara,0.6666666666666666,0,90,2,1,-1,0,2.0,Saidapur,722.4000000000001,2.0,0,1,1,0,0,0-99
580,35.0,satara,1.0,0,90,2,1,-1,0,2.0,Wai,1200.0,4.0,0,0,0,0,0,0-99
581,26.0,satara,0.4,1,-1,1,0,-1,-1,1.0,Gajanan Vishva Sadar Bazar,536.0,2.0,0,0,0,0,0,0-99
582,26.0,satara,1.0,1,-1,2,0,-1,-1,2.0,Wai,664.0,2.0,0,0,0,0,0,0-99
583,12.0,satara,0.6666666666666666,1,90,2,1,-1,0,1.0,Dahiwadi,400.0,2.0,0,0,0,0,0,0-99
584,32.0,satara,0.25,1,-1,2,0,-1,-1,2.0,Samarth Mandir Road,640.0,1.0,0,0,0,0,0,0-99
585,18.0,satara,0.6666666666666666,0,90,1,1,-1,1,1.0,Balaji Vishwa Shirwal,585.0,2.0,0,0,0,0,0,0-99
586,25.0,satara,0.6666666666666666,1,270,2,2,-1,0,2.0,gourishankar heights Satara,1050.0,2.0,0,0,1,0,0,0-99
587,150.0,satara,0.3333333333333333,0,-1,3,0,-1,-1,3.0,Sadar Bazar,1760.0,2.0,0,0,0,0,0,0-99
588,39.0,satara,0.75,0,90,2,1,-1,-1,2.0,Shirwal,796.0,3.0,0,0,0,0,0,0-99
589,14.0,satara,1.0,0,315,1,1,-1,1,1.0,Wai,424.0,3.0,0,0,1,0,0,0-99
590,23.0,satara,0.25,0,-1,2,0,-1,-1,2.0,Lonand,640.0,1.0,0,0,0,0,0,0-99
591,100.0,satara,0.0,2,-1,3,0,-1,-1,3.0,Umbraj,2880.0,0.0,0,0,0,0,0,0-99
592,16.0,satara,0.0,1,-1,1,0,-1,-1,1.0,Rajwada,340.8,0.0,0,0,0,0,0,0-99
593,75.0,satara,,-1,-1,0,0,-1,-1,2.0,Sadar Bazar,1008.0,,0,0,0,0,0,0-99
594,18.5,satara,0.0,0,45,1,1,1,1,1.0,Vivanta Wai,490.0,0.0,1,0,0,0,0,0-99
595,35.5,satara,0.3333333333333333,1,90,1,0,-1,0,1.0,Wai,430.4,1.0,0,1,1,0,1,0-99
596,18.0,satara,1.0,1,270,1,1,-1,0,1.0,Deeplaxmi Complex Mangalwar Peth Satara,650.0,3.0,0,0,0,0,0,0-99
597,30.0,satara,0.75,0,90,2,1,1,-1,2.0,Shirwal,640.0,3.0,1,0,0,0,0,0-99
598,40.0,satara,1.0,1,-1,1,0,-1,-1,2.0,Kanga Colony Satara,750.0,2.0,0,0,0,0,0,0-99
599,25.0,satara,0.6666666666666666,0,-1,2,1,-1,0,1.0,Sadar Bazar,610.0,2.0,0,0,0,0,0,0-99
600,82.0,shimla,0.0,0,-1,2,1,-1,0,3.0,New Shimla,1000.0,0.0,1,0,0,0,0,0-99
601,45.0,shimla,1.0,2,-1,2,1,-1,-1,1.0,Campton Estate Bharari Road,615.0,4.0,0,0,0,0,0,0-99
602,75.0,shimla,0.0,0,90,2,2,-1,-1,3.0,Panthaghati,880.0,0.0,0,0,0,0,0,0-99
603,65.0,shimla,0.75,2,90,2,2,1,0,2.0,Campton Estate Bharari Road,1285.0,3.0,0,1,0,0,0,0-99
604,85.0,shimla,0.6,1,-1,3,2,-1,-1,3.0,New Shimla,1080.0,3.0,0,0,0,0,0,0-99
605,75.0,shimla,1.0,2,90,2,2,1,0,4.0,New Shimla,1100.0,3.0,1,0,1,0,0,0-99
606,65.0,shimla,0.0,2,-1,2,1,-1,-1,3.0,Chaura Maidan Road,800.0,0.0,1,0,0,0,0,0-99
607,65.0,shimla,0.5,1,-1,2,0,-1,-1,3.0,Strawberry Hill,960.0,2.0,0,0,0,0,0,0-99
608,65.0,shimla,0.5,2,-1,2,0,-1,-1,2.0,Moon International Hotel Complex Chotta Shimla Shimla,950.0,2.0,0,0,0,0,0,0-99
609,35.0,shimla,0.2,1,-1,1,0,-1,-1,2.0,Sneh niwas Shimla,600.0,1.0,0,0,0,0,0,0-99
610,85.0,shimla,0.25,2,-1,3,0,-1,-1,3.0,New Shimla,1440.0,1.0,0,0,0,0,0,0-99
611,55.0,shimla,0.5,0,-1,2,0,-1,-1,2.0,Annadale,856.0,2.0,0,0,0,0,0,0-99
612,90.0,shimla,0.3333333333333333,2,90,2,2,-1,0,3.0,Mehli,1200.0,1.0,1,0,1,0,0,0-99
613,180.0,shimla,0.75,2,-1,3,0,-1,-1,3.0,Annadale,0.0,3.0,0,0,0,0,0,0-99
614,90.0,shimla,0.0,2,45,2,4,-1,0,3.0,Sanjauli,900.0,0.0,0,1,0,0,0,0-99
615,70.0,shimla,0.0,1,-1,2,0,-1,-1,2.0,Bharari Road,696.0,0.0,0,0,0,0,0,0-99
616,65.0,shimla,0.5,2,-1,2,1,0,0,3.0,Shimla Hill Station,1200.0,2.0,0,0,0,0,0,0-99
617,36.0,shimla,0.0,1,-1,1,0,-1,-1,1.0,Kasumpti,504.0,0.0,0,0,0,0,0,0-99
618,50.0,shimla,0.75,0,-1,2,1,-1,-1,2.0,Mashobra,920.0,3.0,0,0,0,0,0,0-99
619,10.5,shimla,0.25,1,-1,1,0,-1,-1,1.0,Kasumpti,160.0,1.0,1,0,0,0,0,0-99
620,33.0,shimla,0.0,1,-1,1,0,-1,-1,1.0,Kasumpti,504.0,0.0,1,0,0,0,0,0-99
621,55.0,shimla,0.8333333333333334,2,-1,2,0,-1,-1,2.0,Kasumpti,880.0,5.0,0,0,0,0,0,0-99
622,59.9,shimla,0.0,2,-1,1,1,-1,-1,1.0,Sanjauli,600.0,0.0,1,0,1,0,0,0-99
623,120.0,shimla,0.8,0,135,4,4,-1,0,5.0,New Shimla,2500.0,4.0,0,0,1,0,0,0-99
624,45.0,shimla,0.5,2,-1,2,0,-1,-1,1.0,Bharari Road,480.0,2.0,0,0,0,0,0,0-99
625,55.0,shimla,0.6666666666666666,1,-1,2,1,-1,-1,2.0,Nin,700.0,2.0,0,0,0,0,0,0-99
626,150.0,shimla,1.0,0,-1,2,1,-1,0,3.0,Sanjauli,1000.0,6.0,0,0,0,0,0,0-99
627,20.0,shimla,0.6666666666666666,0,-1,1,0,-1,-1,1.0,Sanjauli,0.0,2.0,0,0,0,0,0,0-99
628,65.0,shimla,0.5,-1,-1,2,0,-1,-1,3.0,Strawberry Hill,960.0,2.0,0,0,0,0,0,0-99
629,102.0,shimla,1.0,2,45,2,2,-1,0,3.0,jutogh cantt Shimla,1600.0,4.0,1,0,1,0,0,0-99
630,40.0,shimla,0.2,1,-1,2,0,-1,-1,2.0,Power House Road Shimla,1120.0,1.0,0,0,0,0,0,0-99
631,28.0,shimla,0.0,0,-1,1,0,-1,-1,1.0,Dudhli,400.0,0.0,0,0,0,0,0,0-99
632,49.0,shimla,0.25,2,-1,1,1,-1,-1,2.0,Fagu,1000.0,1.0,1,0,0,0,0,0-99
633,90.0,shimla,1.0,2,-1,2,0,-1,-1,3.0,Mall Road,800.0,4.0,0,0,0,0,0,0-99
634,170.0,shimla,0.6666666666666666,2,-1,4,0,-1,-1,4.0,"Panthaghati, Shimla Shimla",2000.0,2.0,0,0,0,0,0,0-99
635,85.0,shimla,0.3333333333333333,2,-1,2,1,-1,-1,2.0,sartaj manor Shimla,900.0,1.0,0,0,0,0,0,0-99
636,58.0,shimla,0.0,0,-1,2,0,-1,-1,2.0,Himuda Colony Kasumpti,640.0,0.0,0,0,0,0,0,0-99
637,29.0,shimla,0.0,1,90,1,0,-1,0,1.0,Chhota Simla,520.0,0.0,0,0,0,0,0,0-99
638,75.0,shimla,0.0,-1,-1,2,0,-1,-1,2.0,Kasumpti,816.0,0.0,0,0,0,0,0,0-99
639,72.0,shimla,1.0,1,-1,2,0,-1,-1,3.0,Chotta Shimla,760.0,3.0,0,0,0,0,0,0-99
640,45.0,shimla,0.25,0,0,2,1,-1,-1,3.0,Country side home in Apple Orchard Fagu,1600.0,1.0,0,0,1,0,0,0-99
641,125.0,shimla,0.6,1,-1,2,0,-1,-1,2.0,Panthaghati,984.0,3.0,0,0,0,0,0,0-99
642,35.0,shimla,0.2,1,-1,2,0,-1,-1,2.0,Sneh Niwas Shimla,600.0,1.0,0,0,0,0,0,0-99
643,65.0,shimla,0.0,1,90,2,0,-1,0,2.0,Shimla Hill Station,800.0,0.0,0,0,1,0,0,0-99
644,150.0,shimla,0.8,2,135,4,3,1,0,4.0,Mehli,2200.0,4.0,0,0,1,0,0,0-99
645,65.0,shimla,0.0,0,45,2,2,-1,-1,2.0,cliffton valley Shimla,912.0,0.0,0,0,0,0,0,0-99
646,151.0,shimla,0.75,2,180,3,2,1,0,3.0,Panthaghati,1480.0,3.0,1,0,1,0,0,0-99
647,45.0,shimla,1.0,1,-1,2,0,-1,-1,2.0,Hira Nagar,760.0,2.0,0,0,0,0,0,0-99
648,42.0,shimla,0.5,1,-1,2,0,-1,-1,2.0,Hira Nagar,760.0,1.0,0,0,0,0,0,0-99
649,120.0,shimla,0.2,2,135,3,1,-1,0,5.0,Vikasnagar,1960.0,1.0,0,0,0,0,0,0-99
650,75.0,shimla,0.0,2,-1,2,0,-1,-1,2.0,Upper Kaithu,680.0,0.0,0,0,0,0,0,0-99
651,95.0,shimla,0.6666666666666666,0,-1,2,1,-1,-1,2.0,Near Old Bus Stand Cart Road Shimla,1200.0,2.0,0,0,0,0,0,0-99
652,50.0,shimla,0.25,0,-1,2,0,-1,-1,4.0,New Shimla,1400.0,1.0,0,0,0,0,0,0-99
653,90.0,shimla,0.5,0,45,2,2,0,0,2.0,Panthaghati,950.0,2.0,0,0,1,0,0,0-99
654,64.0,shimla,0.6,2,-1,1,0,-1,-1,1.0,Bharari,512.0,3.0,0,0,0,0,0,0-99
655,110.0,shimla,0.75,0,-1,2,2,-1,-1,2.0,igmc doctors colony panthaghati Shimla,1230.0,3.0,0,0,0,0,0,0-99
656,,shimla,1.0,2,-1,1,0,-1,-1,2.0,Kasumpti,30.4,1.0,0,0,0,0,0,0-99
657,85.0,shimla,0.0,0,90,3,1,-1,0,3.0,Sanjauli,1040.0,0.0,0,1,0,0,0,0-99
658,55.0,shimla,1.0,0,-1,3,2,-1,-1,3.0,New Shimla,2200.0,3.0,0,0,0,0,0,0-99
659,140.0,shimla,0.5,2,-1,4,0,-1,-1,4.0,Sanjauli,1328.0,1.0,0,0,0,0,0,0-99
660,30.0,solapur,0.7142857142857143,2,315,1,1,-1,-1,1.0,SARATHI ESTATE Solapur,599.0,5.0,0,0,1,0,0,0-99
661,37.0,solapur,0.8,0,-1,2,0,-1,-1,2.0,Vasant Vihar,802.4000000000001,4.0,0,0,0,0,0,0-99
662,37.0,solapur,0.6,0,90,2,1,-1,-1,2.0,Jule Solapur,0.0,3.0,0,1,0,0,0,0-99
663,30.0,solapur,0.6666666666666666,0,-1,2,0,-1,-1,2.0,Saiful Solapur Solapur,656.0,4.0,0,0,0,0,0,0-99
664,38.0,solapur,0.5,0,90,1,1,-1,-1,3.0,Modi Khana Solapur,560.0,2.0,0,0,1,0,0,0-99
665,37.0,solapur,1.0,1,-1,2,0,-1,-1,2.0,Vasundhara Degaon,826.4000000000001,9.0,0,0,0,0,0,0-99
666,50.0,solapur,0.6,0,-1,2,0,-1,-1,2.0,Sainath Nagar,840.0,3.0,0,0,0,0,0,0-99
667,30.0,solapur,0.25,0,225,2,0,-1,0,2.0,Akkalkot Road Solapur,740.0,1.0,0,0,0,0,0,0-99
668,55.0,solapur,0.5,1,-1,2,1,-1,-1,2.0,Shraddha Terrace Murarji Peth,840.0,2.0,0,0,0,0,0,0-99
669,25.0,solapur,0.5,0,-1,2,2,-1,-1,2.0,Jule Solapur,680.0,2.0,1,0,0,0,0,0-99
670,23.5,solapur,1.0,1,-1,2,0,-1,-1,2.0,New Paccha peth,599.2,3.0,0,0,0,0,0,0-99
671,45.0,solapur,0.0,1,-1,3,0,-1,-1,3.0,Vijapur Road,1285.0,0.0,0,0,0,0,0,0-99
672,22.0,solapur,0.5,0,90,1,1,-1,0,3.0,Hotgi Road Solapur,744.0,2.0,0,0,0,0,0,0-99
673,30.0,solapur,0.1428571428571428,2,-1,1,0,-1,-1,1.0,Behind AG Patil college Solapur,504.0,1.0,0,0,0,0,0,0-99
674,30.0,solapur,0.3333333333333333,2,90,2,2,-1,0,2.0,Ishwari Apartment Ganesh Nagar,750.0,2.0,0,0,0,0,0,0-99
675,48.0,solapur,0.6666666666666666,1,-1,2,2,-1,-1,3.0,Damani Nagar,825.0,2.0,0,0,0,0,0,0-99
676,30.0,solapur,0.25,0,-1,2,0,-1,-1,2.0,New Paccha peth,740.0,1.0,0,0,0,0,0,0-99
677,35.0,solapur,0.75,1,-1,1,0,-1,-1,2.0,Vinayak apt pandharpur Solapur,500.0,3.0,0,0,0,0,0,0-99
678,37.0,solapur,0.4,0,90,2,2,-1,-1,2.0,Saiful,880.0,2.0,0,0,0,0,0,0-99
679,35.0,solapur,0.5,0,-1,1,0,-1,-1,2.0,Avanti Nagar,1150.0,1.0,0,0,0,0,0,0-99
680,30.0,solapur,1.0,2,270,2,1,1,0,2.0,"Sangola, Solapur Solapur",560.0,5.0,0,0,0,0,0,0-99
681,32.0,solapur,0.75,1,-1,2,1,-1,-1,2.0,Old Hyderabad Road,825.6,6.0,0,0,0,0,0,0-99
682,20.0,solapur,0.8333333333333334,0,-1,1,0,-1,-1,1.0,"Nehru Nagar, Solapur Solapur",400.0,5.0,0,0,0,0,0,0-99
683,54.0,solapur,0.3333333333333333,2,-1,2,1,-1,0,2.0,Dwarka SrirangSociety Solapur,1150.0,2.0,0,1,1,0,0,0-99
684,13.0,solapur,1.0,0,-1,1,0,-1,-1,1.0,Budhavar Peth,448.0,3.0,0,0,0,0,0,0-99
685,27.5,solapur,0.6153846153846154,1,-1,2,2,-1,-1,2.0,Rana Pratap Nagar,712.0,8.0,0,0,0,0,0,0-99
686,41.5,solapur,1.0,0,0,3,3,-1,0,2.0,Bhavani Peth,1080.0,2.0,0,0,1,0,0,0-99
687,40.5,solapur,0.5,1,-1,1,0,-1,-1,2.0,Aditya Nagar,744.0,2.0,0,0,0,0,0,0-99
688,35.0,solapur,0.25,1,90,2,2,-1,0,2.0,Ganesh Nagar,850.0,2.0,0,0,0,0,0,0-99
689,31.0,solapur,0.75,0,-1,1,0,-1,-1,2.0,New Paccha peth,680.0,3.0,0,0,0,0,0,0-99
690,73.4,tirupati,0.2,0,90,3,2,-1,-1,3.0,Lotus Avenue Tirupati,1304.0,1.0,0,0,0,0,0,0-99
691,60.0,tirupati,,0,90,2,0,-1,-1,2.0,Pine Tree Thimminaudupalem,1000.0,,1,1,1,0,1,0-99
692,42.0,tirupati,0.6,0,270,2,1,1,0,2.0,Mangalam Road,920.0,3.0,0,0,0,0,0,0-99
693,56.0,tirupati,1.0,0,-1,2,1,-1,-1,2.0,Tiruchanoor,1060.0,5.0,0,0,0,0,0,0-99
694,44.0,tirupati,0.4,0,0,2,2,-1,0,2.0,Upparapalli Road,900.0,2.0,0,1,1,0,0,0-99
695,65.0,tirupati,1.0,2,90,3,1,-1,0,3.0,Mangalam,1357.0,5.0,0,0,0,0,0,0-99
696,59.5,tirupati,0.25,2,270,2,2,1,0,3.0,Karakambadi Road,1240.0,1.0,0,0,1,0,0,0-99
697,45.0,tirupati,0.0,1,-1,2,1,-1,-1,2.0,Karakambadi Road,1150.0,0.0,0,0,0,0,0,0-99
698,47.0,tirupati,1.0,2,-1,2,2,-1,-1,2.0,Tiruchanoor,1000.0,5.0,0,0,0,0,0,0-99
699,55.0,tirupati,1.0,1,-1,3,1,-1,-1,3.0,sree chandra lekha homes Tirupati,1360.0,5.0,0,0,0,0,0,0-99
700,24.0,tirupati,0.8,0,-1,2,1,1,-1,2.0,Karakambadi Road,880.0,4.0,1,1,1,0,0,0-99
701,38.0,tirupati,0.05,1,270,2,1,-1,0,2.0,Old Renigunta road Tirupati,995.0,2.0,0,0,0,0,0,0-99
702,57.0,tirupati,0.2,0,90,2,2,1,0,2.0,THATITHOPPU GO's COLONY Tirupati,1315.0,1.0,0,1,0,0,0,0-99
703,30.0,tirupati,0.3333333333333333,1,-1,2,0,-1,-1,2.0,Renigunta,741.6,2.0,0,0,0,0,0,0-99
704,66.6,tirupati,1.0,0,90,3,2,-1,0,3.0,Peruru,1332.0,5.0,0,1,1,0,0,0-99
705,65.0,tirupati,0.4,1,90,2,2,-1,0,2.0,Tummalagunta,1305.0,2.0,1,0,0,0,0,0-99
706,109.0,tirupati,0.2,0,-1,3,0,-1,-1,3.0,KT Road Tirupati,1520.0,1.0,0,0,0,0,0,0-99
707,36.0,tirupati,0.8,2,270,2,0,1,0,2.0,Thondavada,680.0,4.0,0,0,1,0,0,0-99
708,36.0,tirupati,0.8,0,90,2,1,-1,0,2.0,Tada Tirupati,980.0,4.0,0,0,0,0,0,0-99
709,55.0,tirupati,0.6666666666666666,2,90,2,1,-1,0,2.0,Padmavathi Nagar,960.0,4.0,0,0,1,0,0,0-99
710,35.0,tirupati,0.2,1,-1,2,0,-1,-1,2.0,Kanigiri Tirupathi Road,948.0,1.0,0,0,0,0,0,0-99
711,40.0,tirupati,0.6,0,90,3,2,-1,0,2.0,Bairagi patteda,1000.0,3.0,0,0,1,0,0,0-99
712,45.0,tirupati,1.0,2,-1,2,0,-1,-1,2.0,Tiruchanoor,840.0,5.0,0,0,0,0,0,0-99
713,114.0,tirupati,0.2,0,90,3,3,-1,0,3.0,SS Nilayam Tirupati,1520.0,1.0,0,0,0,0,0,0-99
714,67.0,tirupati,0.8,1,90,2,3,1,0,2.0,Sri Nidhi Residency Shiv Jyoti Nagar,1024.0,4.0,0,0,1,0,0,0-99
715,47.0,tirupati,0.2,2,-1,2,0,-1,-1,2.0,Narayanapuram,1014.4,1.0,0,0,0,0,0,0-99
716,63.0,tirupati,1.0,2,-1,3,0,-1,-1,3.0,Narayanapuram,1322.4,5.0,0,0,0,0,0,0-99
717,44.5,tirupati,0.2,0,270,2,2,1,0,2.0,Mangalam Road,912.0,1.0,0,0,1,0,0,0-99
718,47.0,tirupati,1.0,2,90,2,1,-1,0,2.0,Tiruchanoor,1050.0,5.0,0,0,0,0,0,0-99
719,87.0,tirupati,0.6,1,-1,3,4,-1,-1,3.0,5th Line Postal Colony Tirupati,1400.0,3.0,0,0,0,0,0,0-99
720,58.0,tirupati,1.0,-1,90,2,3,1,0,2.0,Tiruchanoor,1064.0,5.0,0,1,0,0,0,0-99
721,60.0,tirupati,0.2,1,90,2,1,-1,0,2.0,Sree Chandra Lekha Aparments Tirupati,1080.0,1.0,0,0,0,0,0,0-99
722,65.0,tirupati,1.0,2,-1,3,2,-1,-1,3.0,Tiruchanoor,1695.0,5.0,0,0,0,0,0,0-99
723,52.0,tirupati,0.6,1,-1,3,3,-1,-1,3.0,taj Tirupati,1600.0,3.0,0,0,0,0,0,0-99
724,87.0,tirupati,0.6,1,90,3,4,1,-1,3.0,Korramenugunta,1400.0,3.0,0,0,0,0,0,0-99
725,49.0,tirupati,0.4,0,90,2,2,-1,-1,2.0,Akkarampalle,936.0,2.0,0,1,1,0,1,0-99
726,109.0,tirupati,0.2,0,90,3,3,-1,0,3.0,Kapila Teertham Road,1520.0,1.0,1,0,1,0,0,0-99
727,60.0,tirupati,0.3333333333333333,1,180,3,1,1,0,3.0,Shiv Jyoti Nagar,1200.0,1.0,0,0,1,0,0,0-99
728,52.0,tirupati,,0,90,2,2,0,-1,2.0,Avilala,1200.0,,0,0,1,0,0,0-99
729,40.0,tirupati,0.6,0,-1,2,1,-1,-1,2.0,sanvi nilayam Tirupati,1150.0,3.0,0,0,0,0,0,0-99
730,62.5,tirupati,0.2,1,90,3,3,-1,3,3.0,Akkarampalle,1530.0,1.0,0,1,1,0,0,0-99
731,42.0,tirupati,0.2,1,0,2,1,-1,0,2.0,Primarks Sarovar Mangalam,996.0,1.0,0,0,0,0,0,0-99
732,45.0,tirupati,0.5,0,90,2,1,-1,0,2.0,Tiruchanoor,1210.0,2.0,0,1,1,0,0,0-99
733,55.0,tirupati,0.3333333333333333,1,-1,2,2,-1,-1,2.0,Pine Tree Thimminaudupalem,1200.0,2.0,0,0,0,0,0,0-99
734,59.4,tirupati,1.0,2,-1,2,0,-1,-1,2.0,"Air bypass road, STV Nagar Tirupati",1080.0,5.0,0,0,0,0,0,0-99
735,46.0,tirupati,0.2,0,0,2,1,1,0,2.0,Upparapalli Road,900.0,1.0,0,1,1,0,0,0-99
736,26.0,tirupati,0.4,1,-1,2,0,-1,-1,2.0,Chandragiri,627.2,2.0,0,0,0,0,0,0-99
737,26.0,tirupati,0.4,1,-1,2,0,-1,-1,2.0,Chandragiri,627.2,2.0,0,0,0,0,0,0-99
738,60.0,tirupati,,-1,-1,0,0,-1,-1,2.0,Mayfair supreme Apartments Tirupati,996.0,,0,0,0,0,0,0-99
739,49.3,tirupati,0.1666666666666667,0,-1,3,1,-1,-1,3.0,Mangalam Road,1260.0,1.0,0,0,0,0,0,0-99
740,35.0,tirupati,1.0,1,90,2,1,1,-1,2.0,Chandragiri,2400.0,4.0,0,0,0,0,0,0-99
741,39.0,tirupati,1.0,2,-1,2,2,-1,-1,2.0,Chandragiri,1115.0,5.0,0,0,0,0,0,0-99
742,95.0,tirupati,0.4,0,-1,3,0,-1,-1,3.0,Korlagunta,1244.0,2.0,0,0,0,0,0,0-99
743,95.0,tirupati,0.4,0,90,3,1,-1,0,3.0,TCR TOWERS Tirupati,1750.0,2.0,0,0,1,0,0,0-99
744,65.0,tirupati,0.6,0,180,2,2,-1,-1,3.0,Karakambadi Road,1450.0,3.0,0,0,0,0,0,0-99
745,30.0,tirupati,0.8,0,0,2,2,-1,0,2.0,SV Auto Nagar,1000.0,4.0,1,0,1,0,0,0-99
746,55.0,tirupati,0.6666666666666666,0,-1,2,0,-1,-1,2.0,Mangalam,960.0,4.0,0,0,0,0,0,0-99
747,96.0,tirupati,0.6,0,90,3,2,-1,0,3.0,Air Bypass Road,2048.0,3.0,0,0,0,0,0,0-99
748,90.0,tirupati,0.2,1,90,3,1,0,0,3.0,Korlagunta,1928.0,1.0,0,0,1,0,0,0-99
749,71.1,tirupati,0.8333333333333334,0,90,2,1,1,0,3.0,Pine Tree Thimminaudupalem,1350.0,5.0,0,1,1,0,0,0-99
750,57.0,tirupati,0.4,0,90,3,2,-1,0,3.0,TUDA Township Surappakasam,230.0,2.0,0,0,1,0,0,0-99
751,85.0,tirupati,0.2,1,90,3,0,-1,0,3.0,Khadi Colony,1550.0,1.0,0,0,0,0,0,0-99
752,62.5,tirupati,0.4,0,-1,3,2,-1,-1,3.0,Mangalam,1316.0,2.0,0,0,0,0,0,0-99
753,99.0,tirupati,0.2,1,90,3,2,1,0,3.0,Mangalam Road,1450.0,1.0,0,1,0,0,0,0-99
754,45.0,tirupati,0.8333333333333334,0,45,2,1,-1,0,2.0,Sukhii Balaji Bhuvana Mangalam,800.0,5.0,0,1,1,0,1,0-99
755,56.0,tirupati,1.0,1,-1,2,0,-1,-1,5.0,Amaravthi Residency Tirupati,1040.0,5.0,0,0,0,0,0,0-99
756,48.2,tirupati,,1,-1,2,1,-1,-1,2.0,Upparapalli Road,0.0,,0,0,0,0,0,0-99
757,70.0,tirupati,0.2,1,270,2,2,-1,0,2.0,N G O Colony,900.0,1.0,0,0,0,0,0,0-99
758,60.0,tirupati,1.0,0,-1,2,1,-1,-1,2.0,Peruru,1525.0,5.0,0,0,0,0,0,0-99
759,56.0,tirupati,0.5,1,-1,3,1,0,-1,3.0,Vidya Nagar Colony,1184.0,3.0,0,0,0,0,0,0-99
760,78.0,tirupati,0.4,0,-1,3,0,-1,-1,3.0,Avilala,1719.0,2.0,0,0,0,0,0,0-99
761,51.8,tirupati,0.8333333333333334,1,90,2,1,1,0,2.0,Thimminaudupalem,1359.0,5.0,0,0,0,0,0,0-99
762,2.1,tirupati,1.0,1,-1,3,0,-1,-1,3.0,Karakambadi Road,720.0,20.0,0,0,0,0,0,0-99
763,58.0,tirupati,0.6666666666666666,0,90,2,3,1,0,2.0,Renigunta Road - Smart City Tirupati,1230.0,4.0,0,0,0,0,0,0-99
764,75.0,tirupati,0.5,1,0,2,2,1,-1,2.0,Renigunta,780.0,2.0,0,1,1,0,0,0-99
765,78.0,tirupati,0.3333333333333333,0,-1,3,0,-1,-1,3.0,Avilala,1375.2,2.0,0,0,0,0,0,0-99
766,48.0,tirupati,0.2,0,-1,2,1,-1,-1,2.0,Tiruchanoor,1060.0,1.0,0,0,0,0,0,0-99
767,98.0,tirupati,0.4,0,90,3,1,-1,0,3.0,Bairagi patteda,1950.0,2.0,0,0,1,0,0,0-99
768,37.0,tirupati,1.0,1,-1,2,0,-1,-1,2.0,Seshasai residency Airbypass road Tirupati Tirupati,1075.0,5.0,0,0,0,0,0,0-99
769,118.0,tirupati,0.6,0,90,3,1,-1,-1,3.0,Sri Puram,1520.0,3.0,1,0,1,0,0,0-99
770,70.0,tirupati,0.0,1,-1,2,0,-1,-1,2.0,West Church Tirupati,1040.0,0.0,0,0,0,0,0,0-99
771,32.0,tirupati,0.1666666666666667,0,-1,2,0,-1,-1,2.0,"Vasavi apartments, near srinivasam, tirupati Tirupati",728.0,1.0,0,0,0,0,0,0-99
772,75.0,tirupati,0.2,0,270,2,2,1,0,2.0,Ashok Nagar,1150.0,1.0,0,0,0,0,0,0-99
773,40.0,tirupati,0.6666666666666666,1,90,2,1,-1,0,2.0,Srinivasapuram,1000.0,4.0,0,1,1,0,0,0-99
774,36.0,tirupati,0.8,1,-1,2,0,-1,-1,2.0,apartment Tirupati,1116.0,4.0,0,0,0,0,0,0-99
775,35.0,tirupati,0.5,2,270,1,1,0,0,1.0,Shubhash Nagar Tirupati,700.0,1.0,0,0,1,0,0,0-99
776,46.5,tirupati,1.0,0,90,2,1,-1,0,2.0,Tiruchanoor,1000.0,5.0,0,0,1,0,0,0-99
777,68.7,tirupati,0.4,0,-1,3,1,-1,0,3.0,Mangalam,1144.0,2.0,1,0,1,0,0,0-99
778,48.0,tirupati,0.1666666666666667,0,-1,2,0,-1,-1,2.0,Tiruchanoor,960.0,1.0,0,0,0,0,0,0-99
779,48.0,tirupati,1.0,1,90,2,1,1,0,2.0,Tummalagunta,1170.0,5.0,0,0,1,0,0,0-99
780,31.0,udupi,1.0,1,-1,2,0,-1,-1,3.0,Karkala,1080.0,3.0,0,0,0,0,0,0-99
781,25.0,udupi,0.3333333333333333,1,-1,2,0,-1,-1,2.0,Kaup,720.0,1.0,0,0,0,0,0,0-99
782,30.0,udupi,1.0,1,-1,2,2,-1,-1,2.0,Kaup,1450.0,5.0,0,0,0,0,0,0-99
783,35.0,udupi,0.75,1,-1,1,0,-1,-1,1.0,mishion copund Udupi,624.0,3.0,0,0,0,0,0,0-99
784,60.0,udupi,0.5,0,45,2,1,-1,0,2.0,Little Archana Brahmagiri Udupi,900.0,2.0,0,0,1,0,0,0-99
785,22.0,udupi,1.0,0,-1,1,1,-1,-1,1.0,Manipal,504.0,2.0,0,0,0,0,0,0-99
786,25.0,udupi,0.75,0,90,1,2,1,1,1.0,Near Udupi Bus stand Udupi,700.8000000000001,3.0,0,1,1,0,0,0-99
787,36.3,udupi,0.8,0,90,2,1,-1,0,2.0,Ambalpadi,780.0,4.0,0,0,1,0,0,0-99
788,40.0,udupi,0.25,1,0,2,0,1,2,2.0,Chitpady,1280.0,1.0,0,0,1,0,0,0-99
789,36.0,udupi,0.8,1,0,3,3,1,0,3.0,Saligrama,1550.0,4.0,0,1,1,0,0,0-99
790,160.0,udupi,0.5,2,45,4,1,-1,0,4.0,Udyavara,2750.0,2.0,0,1,0,0,0,0-99
791,45.0,udupi,0.3,0,0,2,2,-1,1,2.0,Mandavi Court Chitpady,1215.0,3.0,0,0,0,0,0,0-99
792,45.0,udupi,0.5,0,-1,2,0,-1,-1,2.0,Shiribeedu,987.0,2.0,0,0,0,0,0,0-99
793,40.0,udupi,1.0,0,315,2,3,1,0,2.0,Bramavara,1250.0,5.0,0,1,0,0,0,0-99
794,42.0,udupi,0.6666666666666666,0,270,3,1,-1,0,3.0,ashiyana appartment kaup Kaup,1430.0,2.0,0,1,0,0,0,0-99
795,75.0,udupi,0.3,1,-1,3,1,-1,-1,3.0,Mandavi Court Chitpady,1516.0,3.0,0,0,0,0,0,0-99
796,19.5,udupi,0.5,0,-1,2,1,-1,0,2.0,Katpadi,800.0,2.0,0,0,0,0,0,0-99
797,31.0,udupi,0.6666666666666666,1,90,2,1,1,0,2.0,"IVORY APARTMENT, Brahmavara Udupi",928.0,4.0,0,0,1,0,0,0-99
798,37.5,udupi,0.875,2,-1,2,1,-1,-1,2.0,Archana arcade Apts Udupi,978.0,7.0,0,0,0,0,0,0-99
799,43.0,udupi,0.6666666666666666,1,-1,2,0,-1,-1,2.0,Manipal,892.8000000000001,2.0,0,0,0,0,0,0-99
800,32.0,udupi,0.25,0,-1,2,1,-1,0,2.0,Manipal,840.0,1.0,0,1,1,0,0,0-99
801,37.0,udupi,0.6666666666666666,0,90,2,1,-1,0,2.0,Chitpady,816.0,4.0,0,0,1,0,0,0-99
802,47.0,udupi,0.25,0,-1,2,1,-1,-1,2.0,MD Residency Tallur Udupi,1240.0,1.0,0,0,0,0,0,0-99
803,46.0,udupi,1.0,1,-1,2,0,-1,-1,2.0,Ambagilu,1290.0,2.0,0,0,0,0,0,0-99
804,80.0,udupi,0.5,1,90,4,4,1,0,5.0,Santhekatte,2000.0,1.0,0,0,1,1,0,0-99
805,27.0,udupi,0.25,1,-1,1,0,1,0,1.0,Mandavi Greens Kunjibettu,600.0,1.0,0,1,1,0,0,0-99
806,55.0,udupi,0.0,1,-1,2,0,-1,-1,2.0,Kapu Udupi,760.0,0.0,0,0,0,0,0,0-99
807,60.0,udupi,0.25,1,225,3,3,-1,0,3.0,sairam harmony Udupi,1288.0,1.0,0,0,1,0,0,0-99
808,45.0,udupi,0.25,2,-1,2,0,-1,-1,2.0,Manipal,976.0,1.0,0,0,0,0,0,0-99
809,24.0,udupi,0.0,1,90,2,1,-1,1,2.0,Santhekatte,730.0,0.0,0,0,0,0,0,0-99
810,30.0,udupi,0.3333333333333333,1,-1,2,2,-1,-1,2.0,Nittur,1100.0,1.0,0,0,0,0,0,0-99
811,41.0,udupi,0.6666666666666666,0,-1,2,2,-1,-1,3.0,ashiyana appartment kaup Kaup,1140.0,2.0,0,0,0,0,0,0-99
812,22.0,udupi,0.5,2,-1,1,0,-1,-1,1.0,Chitpady,564.0,2.0,0,0,0,0,0,0-99
813,125.0,udupi,0.5,2,270,3,3,-1,0,4.0,Ambagilu,1958.0,7.0,0,1,0,0,0,0-99
814,52.5,udupi,0.0,1,-1,2,0,-1,-1,2.0,Kundapura,900.0,0.0,0,0,0,0,0,0-99
815,30.0,udupi,0.5,0,-1,2,0,-1,-1,2.0,Indrali,800.0,2.0,0,0,0,0,0,0-99
816,44.0,udupi,1.0,0,-1,2,0,-1,-1,2.0,Indrali,1232.0,12.0,0,0,0,0,0,0-99
817,38.0,udupi,0.5,0,45,2,3,-1,-1,2.0,Udyavara,975.0,2.0,0,0,1,0,0,0-99
818,53.0,udupi,0.0,0,-1,2,0,-1,-1,2.0,Korangrapady,640.0,0.0,0,0,0,0,0,0-99
819,30.0,udupi,0.8333333333333334,1,90,2,1,1,-1,2.0,Shiribeedu,1100.0,5.0,0,0,1,0,0,0-99
820,28.0,udupi,,-1,-1,0,0,-1,-1,2.0,RATHNA SADANA Udupi,776.0,,0,0,0,0,0,0-99
821,60.0,udupi,0.0,1,-1,2,1,0,-1,2.0,Doddanagudde,1600.0,0.0,0,0,0,0,0,0-99
822,32.0,udupi,0.25,0,-1,2,0,1,-1,2.0,Manipal,867.2,1.0,0,0,0,0,0,0-99
823,24.0,udupi,0.5714285714285714,1,45,2,1,-1,1,1.0,Padubidri,504.0,4.0,0,1,1,0,0,0-99
824,25.0,udupi,0.5,0,90,2,0,-1,0,2.0,Ambagilu,612.0,1.0,0,0,0,0,0,0-99
825,37.0,udupi,0.8,0,-1,2,2,-1,-1,2.0,Kukkikatte,888.0,4.0,0,0,0,0,0,0-99
826,45.0,udupi,0.6666666666666666,0,45,2,2,-1,0,2.0,Kukkikatte,1050.0,2.0,0,0,1,0,0,0-99
827,80.0,udupi,1.0,1,-1,3,2,-1,1,4.0,Chitpady,2200.0,7.0,0,0,1,0,0,0-99
828,25.0,udupi,1.0,0,-1,1,0,-1,0,1.0,Kunjibettu,440.0,3.0,0,0,0,0,0,0-99
829,30.0,udupi,0.4285714285714285,0,-1,2,0,-1,-1,2.0,Brahmavar,843.2,3.0,0,0,0,0,0,0-99
830,40.0,udupi,0.1666666666666667,1,-1,2,0,-1,-1,2.0,Ambalpady Udupi,1080.0,1.0,0,0,0,0,0,0-99
831,28.5,udupi,0.3333333333333333,0,90,2,2,-1,0,2.0,Nittur,1100.0,1.0,0,0,0,0,0,0-99
832,22.0,udupi,0.7142857142857143,2,-1,2,0,-1,-1,1.0,Padubidri,540.0,5.0,0,0,0,0,0,0-99
833,43.0,udupi,0.75,1,-1,2,0,-1,-1,2.0,Kunjibettu SaiRadhaNest Udupi,700.0,3.0,0,0,0,0,0,0-99
834,40.0,udupi,0.8,2,-1,2,0,-1,-1,2.0,Kundapura,1008.0,4.0,0,0,0,0,0,0-99
835,48.0,udupi,0.8,2,225,2,3,-1,0,2.0,Kaup,1216.0,4.0,0,0,1,0,0,0-99
836,46.0,udupi,0.0,0,90,2,2,-1,0,2.0,Mandavi Gokul Maruthi Veethika,1120.0,0.0,0,0,1,0,0,0-99
837,62.0,udupi,0.3333333333333333,1,-1,3,3,-1,-1,3.0,shankerpura Udupi,1585.0,1.0,0,0,0,0,0,0-99
838,38.0,udupi,0.1428571428571428,1,-1,2,1,-1,-1,2.0,Padubidri,1180.0,1.0,0,0,0,0,0,0-99
839,32.0,udupi,0.5,0,315,2,2,-1,-1,2.0,Ambalpadi,972.0,2.0,0,0,0,0,0,0-99
840,30.0,vrindavan,0.0,2,-1,1,0,-1,-1,1.0,Vrindavan,534.4,0.0,0,0,0,0,0,0-99
841,70.0,vrindavan,1.0,2,-1,3,0,-1,-1,3.0,Vrindavan,1120.0,2.0,0,0,0,0,0,0-99
842,17.5,vrindavan,0.0,1,-1,1,0,-1,-1,1.0,Mohalla Kaimarvan Vrindavan,302.0,0.0,0,0,0,0,0,0-99
843,25.0,vrindavan,0.2857142857142857,0,45,1,1,-1,0,1.0,Sanskar City Rukmani Vihar,390.0,4.0,0,1,1,0,1,0-99
844,40.0,vrindavan,0.6666666666666666,2,-1,1,0,-1,-1,1.0,Vrindavan,400.0,2.0,0,0,0,0,0,0-99
845,55.0,vrindavan,0.6666666666666666,0,90,2,1,-1,0,2.0,BRAJ KESHAV MAJESTIC VRINDAVAN Vrindavan,0.0,2.0,1,1,0,0,0,0-99
846,35.0,vrindavan,0.7,0,90,1,1,-1,0,1.0,Hare Krishna Orchid NH-2,416.0,7.0,0,1,0,0,0,0-99
847,16.0,vrindavan,0.25,0,90,1,2,-1,0,1.0,Amrapali Kanha Vrindavan,750.0,1.0,0,1,0,0,0,0-99
848,25.0,vrindavan,0.7272727272727273,0,90,1,1,-1,0,,Hare Krishna Orchid Sunrakh Road,429.0,8.0,1,1,1,0,0,0-99
849,18.9,vrindavan,1.0,0,-1,1,2,-1,-1,,Hare Krishna Dham Sunrakh Road,464.0,3.0,0,0,0,0,0,0-99
850,35.9,vrindavan,0.5,1,-1,2,3,-1,-1,2.0,Vrindavan Chaitanya Vihar Phase 2 Vrindavan,945.0,3.0,0,0,0,0,0,0-99
851,30.0,vrindavan,0.5,1,90,2,0,-1,0,1.0,Vrinda Green Vrindavan,550.0,3.0,0,1,1,0,0,0-99
852,35.0,vrindavan,1.0,0,0,1,1,-1,0,1.0,Hare Krishna Orchid Sunrakh Road,416.0,10.0,1,1,0,0,0,0-99
853,12.0,vrindavan,0.6666666666666666,0,-1,1,1,-1,-1,1.0,Chhatikara Road,260.0,2.0,0,0,0,0,0,0-99
854,32.0,vrindavan,0.3333333333333333,2,-1,1,1,-1,-1,1.0,Raman Reiti,450.0,1.0,0,0,0,0,0,0-99
855,25.0,vrindavan,1.0,0,270,1,1,-1,0,,Chhatikara Road,380.0,7.0,1,1,1,0,1,0-99
856,27.0,vrindavan,0.5833333333333334,2,90,1,1,1,0,,Krishna Valley NH-2,380.0,7.0,0,1,1,0,1,0-99
857,2500.0,vrindavan,0.1,1,-1,4,0,-1,-1,2.0,Chhatikara Road,0.0,1.0,0,0,0,0,0,0-99
858,45.0,vrindavan,0.5555555555555556,0,-1,2,0,-1,-1,2.0,Chhatikara Road,1052.0,5.0,0,0,0,0,0,0-99
859,50.0,vrindavan,0.2222222222222222,0,-1,2,0,-1,-1,2.0,Chhatikara Road,1052.0,2.0,0,0,0,0,0,0-99
860,23.0,vrindavan,0.6666666666666666,1,0,1,1,-1,0,1.0,Omaxe Eternity Chhatikara Road,350.0,2.0,0,0,0,0,0,0-99
861,35.0,vrindavan,0.7,0,90,1,1,-1,0,1.0,Hare Krishna Orchid NH-2,416.0,7.0,0,1,0,0,0,0-99
862,29.0,vrindavan,0.1,2,-1,1,1,1,-1,1.0,Hare Krishna Orchid NH-2,560.0,1.0,0,1,0,0,1,0-99
863,51.0,vrindavan,0.6666666666666666,0,90,1,2,-1,0,1.0,Iskcon Temple,900.0,2.0,1,0,1,0,0,0-99
864,45.0,vrindavan,0.1666666666666667,2,-1,1,2,-1,-1,1.0,brij dham society Vrindavan,600.0,1.0,0,0,0,0,0,0-99
865,40.0,vrindavan,0.25,1,-1,2,0,-1,-1,2.0,Rukmani Vihar,1080.0,1.0,0,0,0,0,0,0-99
866,28.0,vrindavan,0.0,0,-1,2,2,-1,-1,2.0,Shri Radha Florence Rukmani Vihar,968.0,0.0,0,0,0,0,0,0-99
867,23.0,vrindavan,0.6666666666666666,2,-1,1,0,-1,-1,,Omaxe Eternity Chhatikara Road,355.2,2.0,0,0,0,0,0,0-99
868,16.5,vrindavan,0.9285714285714286,2,-1,1,0,-1,-1,1.0,Sanskar City Vrindavan,560.0,13.0,0,0,0,0,0,0-99
869,18.5,vrindavan,0.4285714285714285,0,-1,1,1,-1,-1,1.0,Krishna Valley NH-2,450.0,6.0,0,0,0,0,0,0-99
870,48.0,vrindavan,0.6666666666666666,1,-1,2,1,-1,-1,1.0,Raman Reiti,620.0,2.0,0,0,0,0,0,0-99
871,3.0,vrindavan,,-1,-1,0,0,-1,-1,2.0,Chaata to govardhan Vrindavan,0.0,,0,0,0,0,0,0-99
872,32.1,vrindavan,0.7,2,90,1,1,0,0,1.0,Hare Krishna Orchid Sunrakh Road,365.0,7.0,1,1,0,0,0,0-99
873,42.0,vrindavan,0.6,2,90,1,1,0,0,1.0,Hare Krishna Orchid Sunrakh Road,468.0,6.0,1,1,0,0,0,0-99
874,20.0,vrindavan,0.0,0,-1,1,1,-1,0,1.0,Omaxe Eternity Chhatikara Road,400.0,0.0,0,0,1,0,0,0-99
875,30.0,vrindavan,,0,90,1,0,1,0,1.0,Chhatikara Road,710.0,,1,0,1,0,0,0-99
876,42.0,vrindavan,0.6,2,90,1,1,0,0,1.0,Hare Krishna Orchid Sunrakh Road,468.0,6.0,1,1,0,0,0,0-99
877,32.0,vrindavan,0.7,2,90,1,1,0,0,1.0,Hare Krishna Orchid Sunrakh Road,365.0,7.0,1,1,0,0,0,0-99
878,58.0,vrindavan,0.6666666666666666,0,90,2,2,-1,0,2.0,Shri Kiishna Greens Iskcon Temple,1170.0,2.0,1,1,1,0,0,0-99
879,50.0,vrindavan,0.0,2,-1,2,0,-1,-1,2.0,Iskcon Temple,840.0,0.0,0,0,0,0,0,0-99
880,31.5,vrindavan,0.5,2,45,1,1,-1,0,1.0,Burja Road,625.0,4.0,0,1,1,0,1,0-99
881,35.0,vrindavan,0.5,0,-1,2,1,-1,0,2.0,Shri Radha Florence Vrindavan,1000.0,1.0,0,1,1,0,1,0-99
882,55.0,vrindavan,0.3333333333333333,0,90,2,1,-1,0,2.0,Keshav Majestic Iskcon Temple,0.0,1.0,1,1,0,0,0,0-99
883,130.0,vrindavan,0.3333333333333333,2,-1,3,4,-1,-1,3.0,Sri Krishna Sharnam Vrindavan,1300.0,1.0,0,0,0,0,0,0-99
884,50.0,vrindavan,0.5,0,90,2,2,1,0,2.0,Rukmani Vihar,950.0,4.0,0,1,1,0,0,0-99
885,26.0,vrindavan,1.0,2,0,1,1,-1,0,,Omaxe Eternity Chhatikara Road,425.0,2.0,0,0,1,0,0,0-99
886,28.0,vrindavan,0.5,2,-1,2,1,-1,-1,2.0,Kanha Makhan Vatika Vrindavan,750.0,1.0,1,0,0,0,0,0-99
887,22.0,vrindavan,0.3333333333333333,2,-1,1,0,-1,-1,,Sanskar City Vrindavan,320.0,5.0,0,0,0,0,0,0-99
888,65.0,vrindavan,0.1111111111111111,1,-1,2,2,-1,-1,2.0,brij dham Vrindavan,1100.0,1.0,0,0,0,0,0,0-99
889,22.0,vrindavan,0.8333333333333334,2,-1,1,0,-1,-1,1.0,Sanskar City Vrindavan,320.0,5.0,0,0,0,0,0,0-99
890,35.0,vrindavan,0.0,0,-1,1,2,-1,-1,1.0,Giriraj Apartments Chaitanya Vihar,550.0,0.0,0,0,0,0,0,0-99
891,30.0,vrindavan,0.0,0,-1,1,1,-1,-1,1.0,Omaxe Eternity Chhatikara Road,410.0,0.0,0,0,0,0,0,0-99
892,25.0,vrindavan,0.6666666666666666,0,90,1,0,-1,0,,Omaxe Eternity Chhatikara Road,348.0,2.0,0,0,0,0,0,0-99
893,65.0,vrindavan,0.6666666666666666,0,-1,2,2,-1,0,2.0,Parikrama Marg,1010.0,2.0,1,1,0,0,0,0-99
894,23.0,vrindavan,0.2,0,-1,1,0,-1,-1,1.0,NH-2,343.2,2.0,0,0,0,0,0,0-99
895,23.9,vrindavan,0.25,2,-1,1,0,-1,-1,1.0,NH-2,488.0,2.0,0,0,0,0,0,0-99
896,24.0,vrindavan,0.375,2,-1,1,0,-1,-1,1.0,NH-2,492.0,3.0,0,0,0,0,0,0-99
897,21.0,vrindavan,0.125,0,-1,1,0,-1,-1,1.0,NH-2,343.2,1.0,0,0,0,0,0,0-99
898,27.0,vrindavan,0.8,0,-1,1,0,-1,-1,1.0,NH-2,661.6,4.0,1,0,0,0,0,0-99
899,23.0,vrindavan,0.8181818181818182,0,-1,1,0,-1,-1,1.0,NH-2,416.0,9.0,1,0,0,0,0,0-99
