Index,Price (in lakhs),City,Floor (Ratio),Furnishing,facing,Bathroom,Balcony,Car Parking,Ownership,BHK,Location,Final Carpet Area (in sqft),CurrentFloor,Transaction,Garden/Park,Main Road,Not Available,Pool
0,37.0,raipur,0.375,1,-1,2,0,-1,-1,2.0,Mowa,1212.0,3.0,0,0,0,0,0
1,72.0,raipur,0.625,2,-1,5,0,-1,-1,5.0,Mohba Bazar,2160.0,5.0,0,0,0,0,0
2,33.5,raipur,0.25,0,0,2,2,1,0,2.0,Mathpurena,650.0,2.0,1,1,0,0,0
3,33.5,raipur,1.0,1,90,2,2,1,0,2.0,Mathpurena,775.0,2.0,1,1,1,0,0
4,29.0,raipur,1.0,0,-1,3,0,-1,-1,3.0,Naya Raipur,972.0,6.0,0,0,0,0,0
5,42.0,raipur,0.2,1,90,3,2,1,0,3.0,Shankar Nagar,1300.0,2.0,1,1,1,0,0
6,35.0,raipur,0.4444444444444444,1,90,2,2,1,0,2.0,Mohba Bazar,1000.0,4.0,0,1,1,0,1
7,34.5,raipur,0.0,0,-1,2,2,-1,-1,2.0,VIP Road,920.0,0.0,1,0,0,0,0
8,28.4,raipur,0.0,0,90,2,2,1,0,2.0,VIP Road,840.0,0.0,1,1,1,0,1
9,34.5,raipur,0.0,0,90,2,1,1,0,2.0,Vidhan Sabha Road,920.0,0.0,1,1,1,0,1
10,27.0,raipur,1.0,2,-1,2,0,-1,-1,2.0,Avinash Maruti Residency Phase 1 and 2 Amlidhi,624.0,5.0,0,0,0,0,0
11,35.0,raipur,0.2857142857142857,0,-1,2,0,-1,-1,3.0,Naya Raipur,960.0,2.0,0,0,0,0,0
12,33.3,raipur,0.2,1,90,2,2,1,0,2.0,Kachna,885.0,2.0,1,1,1,0,0
13,42.9,raipur,0.5,0,90,3,2,-1,0,3.0,Anandam World City Kachna Road,1200.0,5.0,0,0,0,0,0
14,32.2,raipur,1.0,1,90,2,2,1,0,2.0,Anandam World City Kachna,850.0,2.0,1,1,1,0,0
15,31.0,raipur,0.5,1,0,2,2,-1,0,2.0,Ram Niketan Saddu,945.0,3.0,0,0,0,0,0
16,65.4,raipur,0.2,0,90,3,3,1,0,3.0,Aishwarya Empire Great Eastern Road,1500.0,2.0,0,1,1,0,0
17,45.0,raipur,0.75,-1,-1,3,0,-1,-1,3.0,DDU Nagar,1304.0,3.0,0,0,0,0,0
18,35.0,raipur,0.2857142857142857,0,90,2,2,-1,-1,2.0,Kachna,864.0,2.0,0,0,0,0,0
19,38.0,raipur,0.8,0,-1,2,1,-1,-1,3.0,Harshit Landmark Hirapur Road,865.0,8.0,0,0,0,0,0
20,27.0,raipur,0.75,2,-1,2,0,-1,-1,2.0,"varan apartments amlidih, Amlidhi Raipur",672.0,6.0,0,0,0,0,0
21,29.1,raipur,0.375,0,270,2,2,1,0,2.0,Linc Serenity Heights Labhandih,548.0,3.0,1,1,1,0,0
22,18.0,raipur,0.2,0,90,2,2,-1,-1,2.0,Kabir Nagar,820.0,1.0,0,0,0,0,0
23,34.7,raipur,0.8333333333333334,2,-1,2,0,1,-1,2.0,Golden Tower Amlidhi,935.0,5.0,0,1,0,0,0
24,30.5,raipur,0.6666666666666666,1,-1,2,2,-1,-1,2.0,Krishna Paradise Sarona,910.0,4.0,0,0,0,0,0
25,65.5,raipur,0.4545454545454545,1,-1,3,0,-1,-1,3.0,Aishwarya Empire Great Eastern Road,1453.6,5.0,0,0,0,0,0
26,56.0,raipur,0.3,1,90,2,1,1,0,2.0,Avanti Vihar,1150.0,3.0,0,1,1,0,1
27,30.0,raipur,0.5,1,-1,2,0,1,-1,2.0,Bhatagaon,652.8000000000001,2.0,0,0,0,0,0
28,4.0,raipur,0.6666666666666666,0,-1,1,0,-1,-1,1.0,Sejbahar,240.0,2.0,0,0,0,0,0
29,40.0,raipur,1.0,2,-1,2,0,-1,-1,2.0,New Dhamtari Road,960.0,1.0,0,0,0,0,0
30,35.0,raipur,0.2,2,90,2,2,1,0,2.0,New Rajendra Nagar,750.0,2.0,0,1,1,0,0
31,36.2,raipur,0.375,0,-1,3,0,1,-1,3.0,Samrajya Residency Khamtarai,800.0,3.0,1,0,0,0,0
32,32.3,raipur,0.5,0,-1,2,0,1,-1,2.0,Samrajya Residency Khamtarai,712.0,4.0,1,0,0,0,0
33,18.5,raipur,0.5,0,-1,2,2,-1,-1,2.0,"Amlidih,Near-Paani tanki Raipur",780.0,2.0,0,0,0,0,0
34,30.0,raipur,0.3333333333333333,1,-1,2,2,-1,-1,2.0,Surya Avanti Elegance Vidhan Sabha Road,850.0,2.0,0,0,0,0,0
35,52.0,raipur,0.8333333333333334,-1,-1,2,0,-1,-1,2.0,Dubey Colony,787.2,5.0,0,0,0,0,0
36,9.0,raipur,0.0,0,-1,1,1,-1,-1,1.0,Kachna Road,350.0,0.0,0,0,0,0,0
37,35.0,raipur,0.5,1,90,3,2,1,0,3.0,Vishal Nagar,1300.0,3.0,0,1,1,0,0
38,45.0,raipur,0.3333333333333333,1,90,3,2,1,0,3.0,Mohba Bazar,1350.0,3.0,0,1,1,0,1
39,34.8,raipur,0.6,0,-1,2,1,-1,-1,3.0,Harshit Landmark Hirapur Road,772.0,6.0,0,0,0,0,0
40,12.0,raipur,0.0,0,-1,1,0,-1,-1,1.0,"Pirda, Raipur Raipur",320.0,0.0,0,0,0,0,0
41,38.7,raipur,0.0,0,90,3,3,1,0,3.0,Pachpedi Naka,1148.0,0.0,1,1,1,0,1
42,40.0,raipur,0.375,1,90,3,2,1,0,3.0,Shankar Nagar,1300.0,3.0,0,1,1,0,0
43,26.0,raipur,0.3,0,-1,2,0,-1,-1,2.0,Harshit Landmark Hirapur Road,576.8000000000001,3.0,0,0,0,0,0
44,65.0,raipur,0.1666666666666667,1,270,2,0,1,0,3.0,Wallfort enclave2 Raipur,1300.0,1.0,0,1,0,0,0
45,25.0,raipur,0.1666666666666667,0,-1,2,2,-1,0,2.0,Amlidhi,660.0,1.0,0,0,0,0,0
46,150.0,raipur,0.25,2,90,3,3,-1,-1,3.0,Ashoka Ratan Shankar Nagar,2100.0,2.0,1,1,1,0,1
47,30.0,raipur,0.75,0,-1,3,1,0,3,3.0,Mahaveer Nagar,1100.0,3.0,0,0,0,0,0
48,8.5,raipur,0.5,1,-1,1,0,-1,-1,1.0,Housing Board Colony,256.8,1.0,0,0,0,0,0
49,82.3,raipur,0.4,0,-1,4,2,-1,0,4.0,Palm Bellagio Shankar Nagar,1880.0,4.0,0,0,0,0,0
50,60.0,raipur,0.6666666666666666,0,-1,4,2,-1,0,4.0,Sainath Sapphire Green Plot Vidhan Sabha Road,1800.0,4.0,0,0,0,0,0
51,65.4,raipur,1.0,0,90,3,3,1,0,3.0,Aishwarya Empire Great Eastern Road,1500.0,3.0,0,1,1,0,1
52,50.0,raipur,1.0,2,-1,3,0,1,-1,3.0,Vishal Nagar,1360.0,4.0,0,0,0,0,0
53,,raipur,1.0,0,-1,0,0,-1,-1,,Naya Raipur,280.0,3.0,0,0,0,0,0
54,28.0,raipur,0.4,0,-1,2,0,-1,-1,2.0,Daldal Seoni,680.0,2.0,0,0,0,0,0
55,19.9,raipur,0.6666666666666666,0,-1,1,0,-1,-1,1.0,Daldal Seoni,529.6,6.0,1,0,0,0,0
56,55.0,raipur,0.5,0,90,3,4,-1,0,3.0,Harsh Horizon Raipur,1605.0,4.0,0,1,1,0,0
57,25.0,raipur,0.8333333333333334,1,-1,2,1,0,0,2.0,Avinash Pride Hirapur,745.0,5.0,0,0,0,0,0
58,23.0,raipur,1.0,0,-1,2,2,-1,-1,2.0,Bhanpuri,1010.0,6.0,0,0,0,0,0
59,40.7,raipur,0.25,0,-1,3,0,1,-1,3.0,Samrajya Residency Khamtarai,1000.0,2.0,1,0,0,0,0
60,32.9,raipur,0.375,0,-1,3,0,1,-1,3.0,Samrajya Residency Khamtarai,800.0,3.0,1,0,0,0,0
61,29.4,raipur,0.5,0,-1,2,0,1,-1,2.0,Samrajya Residency Khamtarai,712.0,4.0,1,0,0,0,0
62,52.2,raipur,0.75,0,-1,3,0,1,-1,3.0,Samrajya Residency Khamtarai,1280.0,6.0,1,0,0,0,0
63,38.0,raipur,0.1666666666666667,2,90,2,1,-1,0,3.0,Kota,1000.0,1.0,0,1,1,0,0
64,57.9,raipur,0.625,0,-1,3,0,1,-1,4.0,Samrajya Residency Khamtarai,1440.0,5.0,1,0,0,0,0
65,25.8,raipur,,0,45,2,1,-1,-1,2.0,Harshit Landmark Hirapur Road,570.0,,0,1,1,0,0
66,35.0,raipur,1.0,0,45,3,3,-1,0,3.0,VIP Road,1140.0,4.0,0,1,0,0,0
67,21.0,raipur,0.4285714285714285,0,-1,2,0,-1,-1,2.0,Avinash Aashiyana Kabir Nagar,584.0,3.0,0,0,0,0,0
68,20.0,raipur,0.3333333333333333,1,-1,1,0,-1,-1,1.0,Vidhan Sabha Road,472.0,1.0,0,0,0,0,0
69,55.0,raipur,0.4285714285714285,0,-1,2,0,-1,-1,3.0,Tatibandh,1200.0,3.0,0,0,0,0,0
70,20.0,raipur,0.25,1,-1,2,2,0,0,2.0,Gudhiyari,830.0,1.0,0,0,1,0,0
71,15.0,raipur,1.0,0,90,2,2,-1,3,2.0,Khamardih,0.0,6.0,0,0,1,1,0
72,49.0,raipur,0.5,1,-1,3,0,-1,-1,3.0,Deopuri,1292.0,3.0,0,0,0,0,0
73,27.0,raipur,0.1666666666666667,1,-1,2,0,-1,-1,2.0,Daldal Seoni,639.2,1.0,0,0,0,0,0
74,30.0,raipur,0.5,1,-1,3,0,-1,-1,3.0,Hirapur,1200.0,4.0,0,0,0,0,0
75,26.0,raipur,0.3,0,-1,2,0,-1,-1,2.0,Harshit Landmark Hirapur Road,576.8000000000001,3.0,0,0,0,0,0
76,56.7,raipur,0.375,0,90,4,4,1,0,4.0,Dolphin Jewel O New Dhamtari Road,1850.0,3.0,1,1,1,0,0
77,14.5,raipur,0.75,0,-1,2,1,-1,-1,2.0,Mowa,850.0,3.0,0,0,0,0,0
78,25.0,raipur,0.5,2,90,2,1,-1,0,2.0,Moudhapara,850.0,2.0,0,0,1,0,0
79,31.0,raipur,0.5,1,-1,2,0,-1,-1,2.0,Saddu,840.0,3.0,0,0,0,0,0
80,23.0,raipur,0.75,2,0,2,2,-1,0,2.0,Aarti Ashoka Heights Mowa,860.0,3.0,0,0,0,0,0
81,35.0,raipur,0.2,0,-1,2,2,-1,-1,2.0,well come heights shankar nagar Raipur,607.0,1.0,0,0,0,0,0
82,34.5,raipur,0.3333333333333333,0,180,3,5,-1,0,3.0,Varan Apartments Amlidih Amlidhi,1100.0,2.0,0,1,0,0,0
83,65.0,raipur,0.8,0,45,3,4,-1,0,3.0,Aishwarya Empire Great Eastern Road,1200.0,8.0,0,1,1,0,1
84,26.0,raipur,0.75,0,-1,2,0,1,-1,2.0,Fafadih,680.0,3.0,0,0,0,0,0
85,52.0,raipur,0.3636363636363636,0,-1,3,0,-1,-1,3.0,Kachna Road,1200.0,4.0,0,0,0,0,0
86,25.0,raipur,0.25,0,270,2,1,-1,0,3.0,Gudhiyari,980.0,1.0,0,1,0,0,0
87,13.5,raipur,,0,-1,1,0,-1,-1,2.0,Kabir Nagar,400.0,,0,0,0,0,0
88,23.5,raipur,0.4,0,90,2,0,-1,0,2.0,Harshit Landmark Hirapur Road,600.0,4.0,0,1,1,0,0
89,30.0,raipur,,-1,-1,0,0,-1,-1,2.0,Tatibandh,640.0,,0,0,0,0,0
90,27.6,raipur,0.75,0,0,2,2,1,1,2.0,Dolphin Jewel O New Dhamtari Road,801.0,6.0,1,0,1,0,0
91,30.0,raipur,0.4285714285714285,0,-1,2,0,-1,0,2.0,Tatibandh,840.0,3.0,0,0,0,0,0
92,22.0,raipur,1.0,1,-1,2,2,-1,0,2.0,Avinash Aashiyana Kabir Nagar,589.6,6.0,0,0,0,0,0
93,33.5,raipur,0.25,0,0,2,2,1,0,2.0,Mathpurena,650.0,2.0,1,1,0,0,0
94,42.0,raipur,0.1428571428571428,1,-1,3,2,-1,-1,3.0,Ashoka Ratna Shankar Nagar,1400.0,1.0,0,0,0,0,0
95,30.0,raipur,0.7142857142857143,2,-1,2,0,-1,-1,2.0,Kabir Nagar,664.0,5.0,0,0,0,0,0
96,38.7,raipur,0.875,0,90,3,2,1,1,3.0,Dolphin Jewel O New Dhamtari Road,1216.0,7.0,1,0,1,0,0
97,37.7,raipur,1.0,0,0,3,2,1,1,3.0,Dolphin Jewel O New Dhamtari Road,1216.0,8.0,1,1,0,0,0
98,44.4,raipur,0.125,0,90,3,2,1,1,3.0,Dolphin Jewel O New Dhamtari Road,1300.0,1.0,1,0,1,0,0
99,25.0,raipur,0.5,0,45,2,2,-1,0,2.0,Satyam Vihar Colony,760.0,2.0,0,1,1,0,0
100,25.0,raipur,0.5,0,-1,2,2,-1,0,2.0,Mohba Bazar,835.0,3.0,0,1,0,0,0
101,58.8,raipur,0.5,0,90,4,2,1,1,4.0,Dolphin Jewel O New Dhamtari Road,1770.0,4.0,1,1,0,0,0
102,38.0,raipur,0.3,0,-1,3,2,-1,0,3.0,Harshit Landmark Hirapur Road,700.0,3.0,0,1,1,0,0
103,17.0,raipur,1.0,0,315,2,2,-1,0,2.0,Dhebar City Homes Bhatgaon,820.0,6.0,1,1,0,0,0
104,9.0,raipur,0.3333333333333333,0,-1,3,1,-1,-1,3.0,Kanchan Ashva Kabir Nagar,650.0,1.0,0,0,0,0,0
105,15.5,raipur,1.0,1,-1,2,0,-1,-1,2.0,Amleshwar,670.4000000000001,4.0,0,0,0,0,0
106,19.8,raipur,1.0,0,90,2,1,1,0,2.0,Avinash Aashiyana Kabir Nagar,544.0,1.0,1,0,1,0,0
107,28.0,raipur,0.3,1,90,3,2,1,0,2.0,Golden Tower Amlidhi,650.0,3.0,0,1,0,0,1
108,20.0,raipur,0.2857142857142857,0,-1,1,0,-1,-1,2.0,Deopuri,530.4,2.0,0,0,0,0,0
109,,raipur,,0,-1,4,0,-1,-1,3.0,Avinash Chitwan Kachna Road,2144.8,,1,0,0,0,0
110,,raipur,,0,-1,4,0,-1,-1,3.0,Avinash Chitwan Kachna Road,2090.4,,1,0,0,0,0
111,,raipur,,0,-1,5,0,-1,-1,4.0,Avinash Chitwan Kachna Road,3548.0,,1,0,0,0,0
112,32.0,raipur,0.4444444444444444,1,-1,2,0,-1,-1,2.0,Dolphin Jewel O New Dhamtari Road,840.0,4.0,0,0,0,0,0
113,350.0,raipur,0.0,0,45,1,2,-1,0,3.0,kalpavirksh Raipur,1200.0,0.0,0,1,1,0,1
114,60.0,raipur,0.6,2,-1,3,2,-1,-1,3.0,VIP Road,1353.0,3.0,0,0,0,0,0
115,50.0,raipur,0.1666666666666667,1,-1,3,0,-1,-1,3.0,Lalpur,1000.0,1.0,0,0,0,0,0
116,45.0,raipur,0.2,0,90,3,2,1,0,3.0,Anandam World City Shankar Nagar,1100.0,2.0,1,1,1,0,1
117,38.0,raipur,0.25,1,-1,2,2,-1,-1,2.0,Maruti Residency,940.0,1.0,0,0,0,0,0
118,24.0,raipur,0.8333333333333334,0,180,2,2,-1,0,2.0,Khamadi,1250.0,5.0,1,1,0,0,0
119,26.0,raipur,0.25,0,-1,2,0,-1,-1,2.0,Deopuri,716.0,1.0,0,0,0,0,0
120,37.8,raipur,,0,-1,2,0,1,-1,3.0,Avinash Capital Homes 2 Saddu,919.2,,1,0,0,0,0
121,14.7,raipur,0.1666666666666667,0,90,1,1,1,0,1.0,Avinash Aashiyana Kabir Nagar,404.0,1.0,1,0,1,0,0
122,30.4,raipur,,0,-1,2,0,1,-1,2.0,Avinash Capital Homes 2 Saddu,736.8000000000001,,1,0,0,0,0
123,33.0,raipur,,0,-1,2,0,1,-1,2.0,Avinash Capital Homes 2 Saddu,769.6,,1,0,0,0,0
124,30.0,raipur,0.6666666666666666,1,-1,2,2,-1,-1,2.0,Krishna Paradise Sarona,731.0,4.0,0,0,0,0,0
125,25.0,raipur,0.6666666666666666,1,-1,2,0,-1,-1,2.0,Maruti Residency,784.0,2.0,0,0,0,0,0
126,35.0,raipur,0.8571428571428571,1,-1,2,0,-1,-1,3.0,Mohba Bazar,1120.0,6.0,0,0,0,0,0
127,30.0,raipur,0.6,0,-1,2,0,-1,-1,2.0,Sai vihar Mowa,800.0,3.0,0,0,0,0,0
128,20.0,raipur,0.375,1,90,2,2,1,0,2.0,Himalayan Heights Deopuri,750.0,3.0,0,1,1,0,0
129,43.0,raipur,0.3,1,90,2,2,1,0,2.0,Palm Resorts Saddu,1000.0,3.0,0,1,1,0,1
130,99.0,raipur,0.6,2,0,3,2,-1,0,3.0,Kachna Road,1428.0,6.0,0,0,0,0,0
131,27.0,raipur,0.4,0,180,2,3,-1,0,2.0,Kota,830.0,2.0,0,1,1,0,0
132,37.1,raipur,,0,-1,2,0,1,-1,3.0,Avinash Capital Homes 2 Saddu,901.6,,1,0,0,0,0
133,38.9,raipur,,0,-1,2,0,1,-1,3.0,Avinash Capital Homes 2 Saddu,950.4000000000001,,1,0,0,0,0
134,36.3,raipur,,0,-1,2,0,1,-1,3.0,Avinash Capital Homes 2 Saddu,932.8000000000001,,1,0,0,0,0
135,40.7,raipur,,0,-1,2,0,1,-1,3.0,Avinash Capital Homes 2 Saddu,998.4000000000001,,1,0,0,0,0
136,45.8,raipur,,0,-1,2,0,1,-1,3.0,Avinash Capital Homes 2 Saddu,1097.6,,1,0,0,0,0
137,40.5,raipur,,0,-1,2,0,1,-1,3.0,Avinash Capital Homes 2 Saddu,960.8000000000001,,1,0,0,0,0
138,45.4,raipur,,0,-1,3,0,1,-1,3.0,Avinash Capital Homes 2 Saddu,1088.0,,1,0,0,0,0
139,43.1,raipur,,0,-1,3,0,1,-1,3.0,Avinash Capital Homes 2 Saddu,1028.8,,1,0,0,0,0
140,41.8,raipur,,0,-1,3,0,1,-1,3.0,Avinash Capital Homes 2 Saddu,993.6,,1,0,0,0,0
141,43.4,raipur,,0,-1,3,0,1,-1,3.0,Avinash Capital Homes 2 Saddu,1036.8,,1,0,0,0,0
142,40.4,raipur,,0,-1,3,0,1,-1,3.0,Avinash Capital Homes 2 Saddu,957.6,,1,0,0,0,0
143,25.0,raipur,0.5,0,-1,2,2,-1,-1,2.0,Solus Height Amlidhi,650.0,2.0,0,0,0,0,0
144,15.5,raipur,,1,-1,2,0,0,-1,2.0,Amleshwar,670.4000000000001,,0,0,0,0,0
145,36.0,raipur,0.0,0,-1,2,1,-1,-1,2.0,Golden Towers Amlidhi,900.0,0.0,0,0,0,0,0
146,20.0,raipur,0.8,0,-1,2,2,1,-1,2.0,Bhatagaon,656.0,4.0,0,0,0,0,0
147,40.0,raipur,0.5,0,-1,2,0,-1,-1,3.0,VIP Road,1000.0,2.0,0,0,0,0,0
148,45.0,raipur,0.2857142857142857,1,-1,3,2,-1,-1,3.0,Telibandha,1500.0,2.0,0,0,0,0,0
149,33.0,raipur,1.0,1,90,2,1,0,0,2.0,Dubey Colony,780.0,6.0,0,1,1,0,0
150,58.0,raipur,0.375,1,90,3,2,1,0,3.0,Surya Avanti Elegance Vidhan Sabha Road,1600.0,3.0,0,1,1,0,0
151,75.0,raipur,0.2,1,90,3,4,-1,0,3.0,Palm Bellagio Shankar Nagar,2030.0,2.0,0,1,1,0,1
152,36.0,raipur,0.25,0,45,2,3,1,0,2.0,Tatibandh,800.0,1.0,1,0,1,0,0
153,,raipur,0.3333333333333333,0,90,1,1,1,0,2.0,Avinash Aashiyana Kabir Nagar,240.0,2.0,0,0,0,0,0
154,60.0,raipur,0.3333333333333333,2,-1,2,0,-1,-1,3.0,"Katora Talab, Raipur Raipur",1080.0,1.0,0,0,0,0,0
155,21.0,raipur,0.4545454545454545,0,-1,1,0,-1,-1,1.0,Harshit Landmark Hirapur Road,440.0,5.0,0,0,0,0,0
156,33.0,raipur,0.5,1,90,3,2,1,0,3.0,SP Indraprastha NH 6,1200.0,3.0,0,1,0,0,0
157,15.0,raipur,1.0,0,-1,1,0,-1,-1,1.0,Harshit Landmark Hirapur Road,380.0,10.0,0,0,0,0,0
158,16.0,raipur,0.8888888888888888,0,-1,2,0,-1,-1,3.0,Kamal Vihar,800.0,8.0,0,0,0,0,0
159,40.0,raipur,0.5,1,-1,2,0,-1,-1,2.0,Shankar Nagar,880.0,3.0,0,0,0,0,0
160,28.9,raipur,0.25,1,90,2,3,1,0,2.0,Deopuri,950.0,2.0,1,1,0,0,1
161,33.5,raipur,0.25,0,90,2,2,1,0,2.0,Mathpurena,805.0,2.0,1,1,0,0,0
162,33.5,raipur,0.25,0,-1,2,2,1,0,2.0,Mathpurena,910.0,2.0,1,1,0,0,0
163,80.0,raipur,0.2857142857142857,2,-1,3,0,-1,-1,3.0,Janta Colony,1080.0,2.0,0,0,0,0,0
164,5.3,raipur,0.2222222222222222,2,-1,2,1,-1,-1,2.0,Avanti Elegance near shanti sarovar vidhan sabha road raipur Raipur,1670.0,2.0,0,0,0,0,0
165,33.0,raipur,0.5,0,90,2,3,-1,0,2.0,Solus Height Amlidhi,981.0,3.0,0,1,1,0,0
166,27.0,raipur,0.3076923076923077,0,-1,2,0,-1,-1,2.0,Swastik East 12 Shankar Nagar,568.0,4.0,0,0,0,0,0
167,70.0,raipur,0.4444444444444444,2,90,4,2,1,0,4.0,Singapore City Raipur Mohba Bazar,1900.0,4.0,0,1,1,0,0
168,38.8,raipur,1.0,1,90,3,3,1,0,3.0,Dolphin Jewel O New Dhamtari Road,1300.0,3.0,1,1,1,0,0
169,34.5,raipur,1.0,0,90,2,2,1,0,2.0,Anandam World City Kachna,822.0,2.0,1,1,0,0,0
170,40.0,raipur,0.6666666666666666,0,-1,3,2,1,0,3.0,Ashoka Ratna Shankar Nagar,1404.0,4.0,0,0,0,0,0
171,,raipur,,0,-1,2,0,-1,-1,2.0,Swastik East 12 Shankar Nagar,568.0,,1,0,0,0,0
172,62.0,raipur,0.6666666666666666,2,-1,3,0,-1,-1,3.0,Jainam Height Kamal Vihar,1132.0,4.0,0,0,0,0,0
173,45.0,raipur,0.3,0,90,3,1,1,0,3.0,Avanti Vihar,1250.0,3.0,0,1,1,0,0
174,33.4,raipur,1.0,1,90,2,2,1,0,2.0,Anandam World City Kachna Road,850.0,2.0,1,1,0,0,1
175,25.0,raipur,0.25,2,-1,2,0,1,-1,2.0,Bhatagaon,656.0,1.0,0,0,0,0,0
176,21.0,raipur,0.7142857142857143,1,-1,2,0,-1,-1,2.0,Hirapur,600.0,5.0,0,0,0,0,0
177,55.0,raipur,0.75,2,270,2,2,-1,0,3.0,Shankar Nagar,1280.0,3.0,0,1,1,0,0
178,27.6,raipur,0.0,0,90,2,3,1,0,2.0,New Dhamtari Road,750.0,0.0,1,1,1,0,1
179,45.0,raipur,0.25,0,90,3,2,-1,0,3.0,Daldal Seoni,1136.0,2.0,0,1,1,0,0
180,40.0,raipur,0.8333333333333334,1,90,2,3,-1,0,2.0,Lalpur,958.4000000000001,5.0,0,0,1,0,0
181,34.0,raipur,0.6666666666666666,1,0,2,2,-1,0,2.0,Avinash Capital Homes 2 Saddu,700.0,4.0,0,1,0,0,0
182,46.0,raipur,0.6666666666666666,1,315,2,3,1,0,3.0,Avinash Capital Homes 2 Saddu,940.0,4.0,0,0,0,0,0
183,31.5,raipur,0.0,1,90,2,2,1,1,2.0,Bhatagaon,800.0,0.0,0,0,1,0,0
184,18.0,raipur,0.8,2,-1,2,0,-1,-1,2.0,New Rajendra Nagar,680.0,4.0,0,0,0,0,0
185,38.9,raipur,0.875,0,-1,2,0,-1,-1,2.0,Astha Greens Shankar Nagar,968.0,7.0,0,0,0,0,0
186,33.5,raipur,1.0,0,90,2,2,1,0,2.0,Bhatagaon,950.0,8.0,1,1,0,0,1
187,111.0,raipur,0.25,2,90,3,3,-1,0,4.0,Swastik East 12 Shankar Nagar,1800.0,3.0,0,1,1,0,1
188,10.0,raipur,0.5,1,-1,1,0,-1,-1,1.0,Dharampura,256.8,1.0,0,0,0,0,0
189,29.1,raipur,,0,-1,3,3,-1,-1,3.0,Simran City 5 Santoshi Nagar,1250.0,,0,0,0,0,0
190,28.0,raipur,0.25,1,-1,2,0,-1,-1,2.0,Santoshi Nagar,664.0,1.0,0,0,0,0,0
191,55.0,raipur,0.3333333333333333,1,90,2,2,-1,1,3.0,Ashoka Impression Mowa,1818.0,2.0,0,1,1,0,0
192,55.0,raipur,0.3333333333333333,0,270,3,2,-1,1,3.0,Ashoka Impression Mowa,1454.4,2.0,0,1,1,0,0
193,25.0,raipur,0.1666666666666667,1,-1,2,0,-1,-1,2.0,"Bhatagaon, Raipur Raipur",752.0,1.0,0,0,0,0,0
194,8.0,raipur,0.75,0,-1,1,0,-1,-1,2.0,Boria Kalan,389.6,3.0,0,0,0,0,0
195,23.0,raipur,0.6666666666666666,0,-1,2,1,-1,0,2.0,Sai vihar Mowa,850.0,4.0,0,0,0,0,0
196,25.0,raipur,0.8,1,-1,2,0,-1,-1,2.0,Pirda,640.0,4.0,0,0,0,0,0
197,31.5,raipur,0.25,1,90,2,2,1,0,2.0,Bhatagaon,780.0,2.0,1,1,1,0,0
198,45.0,raipur,1.0,0,-1,2,3,-1,-1,3.0,swethans parisar Raipur,1300.0,3.0,0,0,0,0,0
199,35.0,raipur,1.0,0,-1,3,0,-1,-1,3.0,Mowa,1116.0,4.0,0,0,0,0,0
200,28.0,raipur,0.5,1,-1,2,0,-1,-1,2.0,Bhatagaon,752.0,3.0,0,0,0,0,0
201,16.4,raipur,0.125,0,90,1,0,1,0,1.0,Avinash Vatika Urkura,478.4,1.0,1,0,0,0,0
202,26.9,raipur,0.1538461538461539,0,-1,2,1,-1,-1,2.0,Swastik East 12 Shankar Nagar,580.0,2.0,0,0,0,0,0
203,35.0,raipur,0.25,2,90,2,2,-1,1,2.0,New Rajendra Nagar,900.0,1.0,1,0,1,0,0
204,20.0,raipur,0.8333333333333334,1,270,1,2,-1,0,2.0,Deopuri,700.0,5.0,1,0,0,0,0
205,45.0,raipur,0.5,0,270,2,3,-1,0,3.0,Telibandha,1135.2,2.0,0,1,1,0,0
206,40.0,raipur,0.8333333333333334,1,-1,2,0,-1,-1,2.0,Tatibandh,880.0,5.0,0,0,0,0,0
207,78.0,raipur,1.0,0,-1,5,2,-1,0,4.0,Ask Paradise Bhatgaon,1432.0,8.0,0,1,1,0,0
208,65.0,raipur,0.6666666666666666,1,90,3,4,-1,0,3.0,Shri Ram Nagar,1355.0,4.0,0,1,0,0,0
209,28.0,raipur,0.0,1,-1,2,0,-1,-1,3.0,Janta Colony,600.0,0.0,0,0,0,0,0
210,19.5,raipur,0.75,1,270,2,2,-1,0,2.0,Bhatagaon,600.0,3.0,0,1,1,0,1
211,48.0,raipur,0.6,0,-1,2,0,-1,-1,3.0,Mohba Bazar,1120.0,3.0,0,0,0,0,0
212,45.0,raipur,0.2,0,0,3,2,1,0,3.0,Anandam World City Kachna Road,1052.0,2.0,1,1,1,0,1
213,27.0,raipur,0.3333333333333333,0,-1,2,0,-1,-1,2.0,Cg nights mowa Raipur,880.0,2.0,0,0,0,0,0
214,20.0,raipur,0.0,0,0,3,1,-1,-1,2.0,Vedanta City Dhamtari Road,600.0,0.0,0,0,0,0,0
215,32.5,raipur,0.5,2,-1,2,2,-1,-1,2.0,Avinash New County Naya Raipur,699.2,4.0,0,1,1,0,1
216,52.0,raipur,0.8333333333333334,1,-1,2,2,-1,-1,2.0,At classic Raipur,1380.0,5.0,0,0,0,0,0
217,350.0,raipur,0.8888888888888888,0,90,7,4,-1,0,5.0,Avanti Vihar,4100.0,8.0,0,1,1,0,1
218,33.5,raipur,0.125,0,-1,2,2,-1,-1,2.0,Pragati Pearl Bhatgaon,1080.0,1.0,0,0,0,0,0
219,34.5,raipur,1.0,1,90,2,2,1,0,2.0,Kachna,950.0,2.0,1,1,1,0,1
220,,raipur,0.0,0,-1,1,0,1,-1,1.0,Indraprastha Colony Raipur,232.0,0.0,0,0,0,0,0
221,120.0,raipur,0.1666666666666667,2,90,3,4,1,0,3.0,Swastik East 12 Shankar Nagar,1600.0,2.0,1,1,0,0,0
222,31.5,raipur,0.375,0,90,2,2,-1,0,2.0,bajaj sky heights Raipur,810.0,3.0,0,1,0,0,0
223,15.0,raipur,0.3333333333333333,0,270,1,1,-1,0,1.0,Avinash Aashiyana Kabir Nagar,505.0,2.0,0,1,1,0,0
224,7.9,raipur,0.3333333333333333,0,-1,1,1,-1,-1,1.0,New Dhamtari Road,487.0,1.0,0,0,0,0,0
225,23.0,raipur,0.25,0,90,2,3,-1,0,2.0,Pirda,758.0,1.0,0,0,1,0,0
226,15.0,raipur,0.25,0,90,2,3,-1,3,2.0,Pirda,633.6,1.0,0,0,1,0,0
227,30.0,raipur,,-1,-1,0,0,-1,-1,2.0,Tatibandh,640.0,,0,0,0,0,0
228,25.0,raipur,0.6,0,-1,2,0,-1,-1,2.0,Mahadev Ghat Road,900.0,3.0,0,0,0,0,0
229,29.0,raipur,0.1666666666666667,1,90,1,3,-1,0,1.0,Krishna Paradise Sarona,661.0,1.0,0,1,0,0,0
230,13.0,raipur,0.6666666666666666,0,-1,1,0,-1,-1,2.0,Housing Board Colony,545.0,4.0,0,0,0,0,0
231,45.0,raipur,0.6666666666666666,0,-1,3,2,-1,0,3.0,Ashoka Ratan Shankar Nagar,1100.0,4.0,0,1,1,0,0
232,43.5,raipur,0.1,0,90,3,2,1,0,3.0,Anandam World City Shankar Nagar,1130.0,1.0,1,1,1,0,1
233,50.0,raipur,0.1818181818181818,0,-1,2,2,-1,-1,3.0,Anandam World City Kachna Road,1040.0,2.0,0,0,0,0,0
234,31.5,raipur,0.25,1,90,2,2,1,0,2.0,Bhatagaon,800.0,2.0,1,1,1,0,0
235,33.5,raipur,0.25,1,90,2,2,1,0,2.0,Bhatagaon,750.0,2.0,1,1,1,0,0
236,65.4,raipur,0.1,0,90,3,3,1,0,3.0,Aishwarya Empire Great Eastern Road,1750.0,1.0,0,1,1,0,0
237,54.0,raipur,0.5,0,-1,3,0,-1,-1,3.0,Ring Road,1327.2,5.0,1,0,0,0,0
238,43.5,raipur,0.2,1,90,3,2,1,0,3.0,Anandam World City Shankar Nagar,1000.0,2.0,1,1,1,0,0
239,34.0,raipur,0.25,1,90,2,2,1,0,2.0,G T Natura Daldal Seoni,1150.0,2.0,0,1,1,0,0
240,22.5,raipur,1.0,1,-1,1,0,-1,-1,1.0,Budhapara,520.0,2.0,0,0,0,0,0
241,31.5,raipur,0.375,0,-1,2,2,-1,-1,2.0,Bhatagaon,710.0,3.0,0,0,0,0,0
242,51.5,raipur,0.1111111111111111,0,-1,3,0,-1,-1,3.0,Ring Road,1327.2,1.0,1,0,0,0,0
243,30.0,raipur,0.3,1,-1,2,1,-1,-1,2.0,Swastik East 12 Shankar Nagar,568.0,3.0,0,0,0,0,0
244,45.0,raipur,0.5,1,-1,2,3,-1,0,2.0,Pachpedi Naka,880.0,2.0,0,1,0,0,0
245,50.0,raipur,0.375,1,90,3,3,1,0,3.0,Shankar Nagar,1500.0,3.0,0,1,1,0,0
246,33.5,raipur,,0,90,2,2,1,0,2.0,Bhatagaon,810.0,,1,1,1,0,1
247,10.0,raipur,,-1,-1,0,0,-1,-1,3.0,Kabir Nagar,576.0,,0,0,0,0,0
248,35.0,raipur,0.4,0,90,3,1,-1,0,3.0,Harshit Landmark Hirapur Road,772.0,4.0,0,1,1,0,0
249,36.0,raipur,0.25,1,90,2,2,1,0,2.0,Golden Glory Shankar Nagar,1000.0,2.0,0,1,1,0,0
250,29.1,raipur,0.6,0,-1,2,1,-1,-1,2.0,Harshit Landmark Hirapur Road,630.0,6.0,0,0,0,0,0
251,18.0,raipur,0.8333333333333334,0,90,2,3,-1,3,2.0,Himalayan Heights Deopuri,714.4000000000001,5.0,0,1,0,0,0
252,60.0,raipur,0.2,2,-1,4,0,-1,-1,4.0,Diamond towers Tatibandh,1560.0,1.0,0,0,0,0,0
253,70.0,raipur,0.3333333333333333,2,-1,3,2,-1,-1,3.0,Diamond towers Tatibandh,1500.0,2.0,0,0,0,0,0
254,44.0,raipur,0.1666666666666667,1,-1,3,1,-1,0,3.0,Avinash Capital Homes 2 Saddu,993.6,1.0,0,1,0,0,0
255,32.0,raipur,1.0,0,-1,2,3,-1,-1,2.0,Wood Island Raipur,1050.0,5.0,0,0,0,0,0
256,33.5,raipur,1.0,1,90,2,2,1,0,2.0,Santoshi Nagar,800.0,2.0,1,1,1,0,0
257,55.0,raipur,0.375,2,90,3,2,1,0,3.0,Shankar Nagar,1350.0,3.0,0,1,1,0,0
258,31.6,raipur,,0,-1,2,0,-1,-1,2.0,Avinash New County Naya Raipur,669.6,,1,0,0,0,0
259,29.9,raipur,0.5,0,90,2,2,1,0,2.0,Amlidhi,800.0,3.0,1,1,1,0,1
260,45.0,raipur,0.2,0,90,3,2,1,0,3.0,Anandam World City Shankar Nagar,1100.0,2.0,1,1,1,0,1
261,100.0,raipur,0.8333333333333334,2,90,3,2,-1,0,3.0,Sunita Park Phase 1 Labhandih,1350.0,5.0,0,1,1,0,0
262,26.5,raipur,0.3333333333333333,1,90,2,1,-1,0,2.0,Avinash Aashiyana Kabir Nagar,589.6,2.0,1,1,0,0,0
263,95.0,raipur,0.5,2,-1,4,2,1,-1,4.0,Shri Ram Nagar,1972.0,2.0,0,0,0,0,0
264,26.3,raipur,0.2,2,90,2,1,1,0,2.0,Swastik East 12 VIP Colony,550.0,2.0,1,1,1,0,1
265,38.7,raipur,0.5,0,90,3,3,1,0,3.0,Dolphin Jewel O New Dhamtari Road,1200.0,4.0,1,1,1,0,0
266,50.0,raipur,0.875,0,90,3,2,-1,0,3.0,Anandam World City Kachna Road,1350.0,7.0,1,0,1,0,0
267,17.0,raipur,0.75,0,45,2,1,1,0,2.0,Dolphin Jewel O New Dhamtari Road,5000.0,6.0,1,1,1,0,0
268,36.4,raipur,0.3,0,45,2,1,1,0,3.0,Anandam World City Kachna Road,1100.0,3.0,1,1,1,0,1
269,27.0,raipur,1.0,0,225,2,1,-1,0,2.0,Shankar Nagar,750.0,4.0,0,0,0,0,0
270,42.0,raipur,0.6666666666666666,1,270,3,1,1,0,3.0,Avinash Capital Homes 2 Saddu,860.0,4.0,0,1,0,0,0
271,33.5,raipur,0.2,0,90,2,2,1,0,2.0,Mathpurena,900.0,2.0,1,1,1,0,0
272,17.0,raipur,0.8333333333333334,0,-1,2,0,-1,-1,2.0,Kamal Vihar,503.2,5.0,0,0,0,0,0
273,28.9,raipur,0.625,0,0,2,2,1,-1,2.0,Dolphin Jewel O New Dhamtari Road,735.0,5.0,1,1,0,0,0
274,67.0,raipur,0.3636363636363636,0,-1,3,1,-1,-1,3.0,Bhatagaon,1680.0,4.0,0,0,0,0,0
275,44.5,raipur,0.08333333333333333,0,90,2,0,-1,0,3.0,Avanti Vihar,1100.0,1.0,0,1,0,0,0
276,26.0,raipur,0.3333333333333333,0,90,2,2,1,0,2.0,Vrindawan Gardens Daldal Seoni,950.0,3.0,0,1,1,0,0
277,35.0,raipur,0.5,0,0,2,2,1,0,2.0,Golden Sky VIP Road,1000.0,3.0,0,1,1,0,0
278,33.5,raipur,0.25,0,90,2,2,1,-1,2.0,Bhatagaon,750.0,2.0,1,1,1,0,0
279,25.0,raipur,0.6666666666666666,0,90,2,2,1,0,2.0,Raipura,910.0,4.0,1,1,0,0,0
280,62.0,raipur,0.3333333333333333,1,-1,3,2,-1,-1,3.0,Tatibandh,1500.0,2.0,0,1,0,0,1
281,39675.0,raipur,1.0,0,90,2,2,1,0,2.0,Kachna Road,920.0,2.0,1,1,1,0,1
282,33.0,raipur,0.0,0,0,3,3,-1,0,3.0,Tatibandh,965.0,0.0,0,1,1,0,0
283,40.0,raipur,1.0,0,-1,2,0,-1,-1,3.0,Ring Road,880.0,6.0,0,0,0,0,0
284,35.5,raipur,0.375,1,-1,2,0,-1,-1,2.0,Palm Resorts Saddu,771.2,3.0,0,0,0,0,0
285,46.5,raipur,1.0,1,90,3,2,1,0,3.0,Kachna,1300.0,2.0,1,1,1,0,0
286,20.5,raipur,0.1666666666666667,0,-1,1,0,-1,-1,1.0,avinash capital homes 2 Raipur,470.4,1.0,0,0,0,0,0
287,21.0,raipur,0.6666666666666666,0,0,2,1,-1,0,2.0,Avinash Aashiyana Kabir Nagar,589.6,4.0,0,1,0,0,0
288,53.0,raipur,0.3333333333333333,1,-1,2,3,-1,-1,3.0,Surya Avanti Elegance Vidhan Sabha Road,1476.0,2.0,0,0,0,0,0
289,32.5,raipur,0.6666666666666666,0,90,2,2,-1,0,2.0,Tatibandh,800.0,4.0,0,1,1,0,0
290,53.3,raipur,0.1666666666666667,1,90,3,3,1,0,2.0,Avanti Vihar,1300.0,1.0,1,0,0,0,0
291,28.0,raipur,0.8333333333333334,0,0,2,1,-1,0,2.0,Avinash Aashiyana Kabir Nagar,725.0,5.0,0,0,0,0,0
292,29.3,raipur,,0,-1,2,0,1,-1,2.0,Ram Niketan Saddu,836.0,,1,0,0,0,0
293,29.3,raipur,,0,-1,2,0,1,-1,2.0,Ram Niketan Saddu,836.0,,1,0,0,0,0
294,64.0,raipur,0.125,1,315,2,2,1,0,3.0,Kota Road Raipur,896.0,1.0,0,1,0,0,0
295,21.0,raipur,0.25,1,-1,2,2,1,-1,2.0,Dunda,600.0,1.0,0,0,0,0,0
296,21.0,raipur,0.6666666666666666,0,-1,2,3,-1,-1,2.0,Maruti Homes Mohba Bazar,900.0,4.0,0,0,0,0,0
297,70.0,raipur,0.6666666666666666,1,0,3,3,-1,0,3.0,DM Vatika Apartment Shankar Nagar,1850.0,4.0,0,0,1,0,0
298,15.5,raipur,0.8333333333333334,1,-1,1,1,1,-1,1.0,Avinash Aashiyana Harshit Nagar,505.0,5.0,0,0,0,0,0
299,55.0,raipur,0.25,1,90,2,2,1,0,2.0,Avanti Vihar,1000.0,2.0,1,0,0,0,0
300,22.8,raipur,0.125,0,90,2,1,1,0,2.0,Avinash Vatika Urkura,664.0,1.0,1,0,1,0,0
301,29.0,raipur,0.125,0,90,2,1,1,0,3.0,Avinash Vatika Urkura,846.4000000000001,1.0,1,0,1,0,0
302,65.0,raipur,0.1666666666666667,1,0,2,2,-1,0,3.0,Sachdev Salasar Greens Sarona,1244.0,1.0,0,0,0,0,0
303,78.0,raipur,0.8,0,90,3,2,-1,0,3.0,Wallfort Heights Bhatgaon,1750.0,8.0,0,1,0,0,1
304,24.0,raipur,0.8333333333333334,0,90,2,1,-1,0,2.0,Avinash Aashiyana Kabir Nagar,630.0,5.0,0,1,1,0,0
305,31.5,raipur,0.375,0,90,2,1,1,0,2.0,Bhatagaon,875.0,3.0,1,1,1,0,1
306,55.0,raipur,0.3333333333333333,0,90,3,3,1,0,3.0,DN Heights Lalpur,1300.0,3.0,0,1,1,0,0
307,31.0,raipur,0.6,0,-1,2,2,-1,0,2.0,Ram Niketan Saddu,850.0,3.0,0,1,0,0,0
308,7.0,raipur,0.0,2,-1,1,0,-1,-1,1.0,NH 6,184.0,0.0,0,0,0,0,0
309,31.5,raipur,0.25,0,90,2,2,1,0,2.0,Mathpurena,700.0,2.0,1,1,1,0,0
310,18.0,raipur,0.8333333333333334,1,-1,2,2,-1,-1,2.0,CG Housing Board Colony Saddu,580.0,5.0,0,0,0,0,0
311,43.3,raipur,0.6666666666666666,1,270,3,1,1,1,3.0,Avinash Capital Homes 2 Saddu,1242.0,4.0,0,1,0,0,0
312,35.5,raipur,1.0,0,0,2,3,-1,0,2.0,Arya polish Raipur,1105.0,4.0,0,0,1,0,0
313,35.0,raipur,1.0,1,-1,2,2,-1,-1,2.0,Civil Lines,800.0,4.0,0,0,0,0,0
314,23.0,raipur,0.5,2,-1,2,1,-1,-1,2.0,Dhamtari Road,612.0,2.0,0,0,0,0,0
315,31.1,raipur,0.3,0,180,2,1,-1,0,2.0,Avanti Vihar,573.0,3.0,1,1,0,0,0
316,37.0,raipur,1.0,0,-1,2,1,1,0,2.0,Mohba Bazar,880.0,6.0,0,1,0,0,0
317,41.0,raipur,0.3333333333333333,1,90,2,2,1,0,2.0,Daldal Seoni,848.0,3.0,0,1,1,0,0
318,20.0,raipur,0.5,0,-1,2,2,-1,-1,2.0,Dunda,588.0,2.0,0,0,0,0,0
319,23.5,raipur,0.4,1,-1,2,3,0,-1,2.0,Kota,744.0,2.0,0,0,0,0,0
320,75.0,raipur,0.75,0,90,3,3,-1,0,3.0,Avanti Vihar,1618.0,6.0,1,1,1,0,1
321,42.0,raipur,1.0,2,-1,2,0,-1,-1,2.0,"GOLCHA RESIDENCY, Shankar Nagar, Raipur Raipur",760.0,3.0,0,0,0,0,0
322,42.0,raipur,0.2857142857142857,0,90,2,2,-1,0,2.0,Saddu,1024.0,2.0,0,1,0,0,0
323,48.0,raipur,0.125,1,-1,2,0,-1,-1,3.0,Kota Colony Raipur,944.0,1.0,0,0,0,0,0
324,20.0,raipur,1.0,0,-1,1,0,-1,-1,2.0,Amlidhi,600.0,8.0,0,0,0,0,0
325,,raipur,,0,-1,5,0,-1,-1,4.0,Avinash Chitwan Kachna Road,3773.6,,1,0,0,0,0
326,,raipur,,0,-1,5,0,-1,-1,4.0,Avinash Chitwan Kachna Road,2564.8,,1,0,0,0,0
327,,raipur,,0,-1,5,0,-1,-1,4.0,Avinash Chitwan Kachna Road,3800.0,,1,0,0,0,0
328,14.0,raipur,0.0,0,-1,2,0,-1,-1,2.0,Ring Road,720.0,0.0,0,0,0,0,0
329,15.0,raipur,0.0,0,-1,1,1,-1,-1,2.0,Kabir Nagar,400.0,0.0,0,0,0,0,0
330,61.0,raipur,0.5,2,-1,2,0,-1,-1,3.0,Deen Dayal Upadhayaya Nagar,1360.0,3.0,0,0,0,0,0
331,18.0,raipur,0.75,0,-1,2,2,-1,-1,2.0,Dhebar City Homes Bhatgaon,900.0,3.0,0,0,0,0,0
332,22.0,raipur,0.0,1,-1,2,1,-1,-1,2.0,Vrindawan Gardens Daldal Seoni,1000.0,0.0,0,0,0,0,0
333,28.5,raipur,0.5,1,90,2,3,1,0,2.0,Dolphin Jewel O New Dhamtari Road,1000.0,4.0,1,1,1,0,0
334,45.0,raipur,0.2,0,90,3,2,1,0,3.0,Anandam World City Shankar Nagar,1100.0,2.0,1,1,1,0,1
335,20.0,raipur,0.25,0,180,2,1,1,0,2.0,Simran City 5 Santoshi Nagar,870.0,1.0,0,0,1,0,0
336,31.5,raipur,0.125,0,90,2,1,1,0,2.0,Bhatagaon,761.0,1.0,1,1,1,0,1
337,35.0,raipur,0.8333333333333334,1,-1,2,2,-1,-1,2.0,Shri Radhe Krishna Nagar Dhamtari Road,744.0,5.0,0,0,0,0,0
338,13.5,raipur,0.1666666666666667,0,-1,1,1,-1,-1,1.0,Archies Nano Tower Raipur,521.0,1.0,0,0,0,0,0
339,55.0,raipur,,1,0,3,2,-1,0,3.0,Ashoka Ratna Shankar Nagar,1079.0,,0,0,0,0,0
340,35.0,raipur,0.3,1,90,3,2,1,0,2.0,Singapore City Raipur Mohba Bazar,950.0,3.0,0,1,1,0,1
341,78.0,raipur,0.3333333333333333,2,90,3,3,1,0,3.0,Mowa,1220.0,2.0,0,1,1,0,1
342,39.0,raipur,,-1,-1,0,0,-1,-1,3.0,Avinash Capital Homes 2 Saddu,932.8000000000001,,0,0,0,0,0
343,41.0,raipur,0.1428571428571428,1,-1,3,0,-1,-1,3.0,Ram Niketan Saddu,1160.0,1.0,0,0,0,0,0
344,51.0,raipur,0.3333333333333333,1,0,3,1,1,1,3.0,Avanti Vihar,1200.0,2.0,0,0,0,0,0
345,24.0,raipur,0.75,1,-1,2,0,-1,-1,2.0,Vidhan Sabha Road,760.0,3.0,0,0,0,0,0
346,22.0,raipur,0.5,0,-1,1,2,-1,-1,2.0,Shankar Nagar,856.0,1.0,0,0,0,0,0
347,22.9,raipur,0.5,1,90,2,2,1,0,2.0,Galaxy I Land Vidhan Sabha Road,800.0,3.0,0,1,1,0,1
348,39.0,raipur,,0,-1,2,0,-1,-1,3.0,Avinash New County Naya Raipur,849.6,,1,0,0,0,0
349,39.5,raipur,,0,-1,2,0,-1,-1,3.0,Avinash New County Naya Raipur,860.8000000000001,,1,0,0,0,0
350,20.0,raipur,0.8333333333333334,0,90,2,1,1,0,2.0,Dhebar City Homes Bhatgaon,840.0,5.0,0,1,0,0,0
351,27.5,raipur,0.1666666666666667,0,-1,2,2,-1,-1,2.0,Solus Height Amlidhi,750.0,1.0,1,0,0,0,0
352,52.0,raipur,1.0,1,-1,2,0,-1,-1,2.0,Wallfort Orchid Shankar Nagar,672.0,5.0,0,0,0,0,0
353,43.4,raipur,0.2,0,90,3,2,-1,0,3.0,Swastik East 12 Shankar Nagar,960.0,2.0,0,1,0,0,1
354,32.4,raipur,,0,-1,2,0,-1,-1,2.0,Avinash New County Naya Raipur,690.4000000000001,,1,0,0,0,0
355,34.9,raipur,,0,-1,2,0,-1,-1,2.0,Avinash New County Naya Raipur,754.4000000000001,,1,0,0,0,0
356,35.3,raipur,,0,-1,2,0,-1,-1,2.0,Avinash New County Naya Raipur,764.0,,1,0,0,0,0
357,43.7,raipur,,0,-1,3,0,-1,-1,3.0,Avinash New County Naya Raipur,970.4000000000001,,1,0,0,0,0
358,20.0,raipur,0.25,0,-1,1,2,-1,1,2.0,Changurabhata,611.0,1.0,0,1,0,0,0
359,30.7,raipur,0.125,0,270,2,2,1,0,2.0,Linc Serenity Heights Labhandih,548.0,1.0,1,1,1,0,0
360,66.0,raipur,0.1111111111111111,0,-1,4,0,-1,-1,4.0,Saddu,1680.0,1.0,0,0,0,0,0
361,21.0,raipur,0.6666666666666666,0,-1,2,1,-1,0,2.0,Avinash Pride Hirapur,784.0,4.0,0,0,0,0,0
362,25.5,raipur,0.75,0,-1,2,2,-1,-1,2.0,Raipura,700.0,3.0,0,0,0,0,0
363,31.0,raipur,0.25,1,90,2,2,1,0,2.0,Amlidhi,1000.0,2.0,0,1,0,0,0
364,27.1,raipur,1.0,2,90,3,3,1,2,3.0,Daldal Seoni,680.0,6.0,1,1,1,0,0
365,31.5,raipur,0.375,0,90,2,3,-1,0,2.0,Bhatagaon,815.0,3.0,0,1,1,0,0
366,22.0,raipur,0.6666666666666666,2,315,2,0,0,0,2.0,Daldal Seoni,640.0,4.0,0,0,0,0,0
367,19.5,raipur,0.75,0,270,2,2,-1,0,2.0,Bhatagaon,680.0,3.0,0,1,0,0,0
368,31.8,raipur,0.625,1,-1,2,0,-1,-1,2.0,Avinash New County Naya Raipur,754.4000000000001,5.0,0,0,0,0,0
369,14.7,raipur,0.1666666666666667,0,90,1,1,1,0,1.0,Avinash Aashiyana Harshit Nagar,404.0,1.0,1,1,0,0,0
370,49.6,raipur,0.3,0,90,3,0,1,0,3.0,The Parksyde Kachna,1368.8,3.0,1,0,0,0,0
371,32.0,raipur,0.5,1,45,2,2,-1,0,2.0,Ram Niketan Saddu,850.0,3.0,0,1,1,0,0
372,24.0,raipur,0.8333333333333334,0,-1,2,0,-1,-1,2.0,Gogaon,720.0,5.0,0,0,0,0,0
373,23.0,raipur,0.8333333333333334,0,90,3,0,1,0,2.0,Mowa,1792.0,5.0,0,1,0,0,0
374,44.0,raipur,0.1428571428571428,1,-1,3,0,-1,-1,3.0,Amlidhi,1256.0,1.0,0,0,0,0,0
375,19.0,raipur,0.7142857142857143,0,-1,1,0,-1,-1,2.0,Himalayan Heights Deopuri,544.0,5.0,0,0,0,0,0
376,22.5,raipur,0.25,0,90,2,0,1,0,2.0,Mahaveer Nagar,800.0,1.0,0,0,1,0,0
377,52.0,raipur,0.25,1,-1,2,0,-1,-1,3.0,Anugrah Residency Gondwara Basti,940.8000000000001,2.0,0,0,0,0,0
378,45.0,raipur,0.6666666666666666,2,-1,2,2,-1,-1,2.0,Palm Resorts Saddu,750.0,6.0,0,0,0,0,0
379,55.0,raipur,0.8571428571428571,1,-1,3,0,-1,-1,3.0,Devpuri,1292.0,6.0,0,0,0,0,0
380,35.0,raipur,0.25,1,-1,2,0,-1,-1,2.0,Kota,864.0,2.0,0,0,0,0,0
381,17.5,raipur,1.0,1,-1,2,2,-1,-1,2.0,Green Earth Society Amleshwar,850.0,4.0,0,0,0,0,0
382,27.0,raipur,0.8333333333333334,0,90,3,0,-1,0,2.0,Vrindawan Gardens Daldal Seoni,1572.0,5.0,0,1,0,0,0
383,37.7,raipur,0.0,0,90,2,1,1,0,2.0,Kachna,923.0,0.0,1,1,1,0,1
384,25.0,raipur,1.0,0,0,2,2,1,0,2.0,simran city Raipur,870.0,4.0,0,1,1,0,0
385,18.0,raipur,0.2,0,270,2,4,-1,0,2.0,Kabir Nagar,1025.0,1.0,0,0,1,0,0
386,,raipur,0.3,2,90,4,3,1,0,4.0,Avanti Vihar,2300.0,3.0,0,1,1,0,1
387,69.9,raipur,0.4615384615384616,1,-1,3,0,-1,-1,3.0,Shankar Nagar,960.0,6.0,0,0,0,0,0
388,36.0,raipur,0.5,1,135,2,2,-1,0,2.0,Amlidhi,1000.0,3.0,0,1,1,0,0
389,23.0,raipur,0.5714285714285714,0,0,2,1,1,0,2.0,Golden Tower Amlidhi,760.0,4.0,0,1,0,0,0
390,32.0,raipur,0.4,1,-1,2,2,-1,-1,2.0,anandam world city Raipur,980.0,4.0,0,0,0,0,0
391,38.7,raipur,0.375,0,90,3,3,-1,0,3.0,Dolphin Jewel O New Dhamtari Road,1076.0,3.0,0,1,1,0,0
392,25.0,raipur,0.8,0,-1,2,0,-1,-1,2.0,Govind Nagar,640.0,4.0,0,0,0,0,0
393,48.0,raipur,0.3333333333333333,0,90,3,3,-1,0,3.0,Shankar Nagar,1164.0,2.0,1,1,1,0,0
394,45.0,raipur,0.6666666666666666,2,-1,2,0,-1,-1,2.0,Ashoka Ratna Shankar Nagar,720.0,4.0,0,0,0,0,0
395,32.0,raipur,0.5,2,-1,2,0,-1,-1,2.0,Ashoka Ratna Shankar Nagar,840.0,3.0,0,0,0,0,0
396,44.0,raipur,0.1666666666666667,1,270,3,4,-1,0,3.0,Amlidhi,1170.0,1.0,1,1,1,0,0
397,29.5,raipur,0.5714285714285714,0,-1,2,0,-1,-1,2.0,Ram Niketan Saddu,836.0,4.0,0,0,0,0,0
398,27.6,raipur,0.0,0,90,2,2,1,0,2.0,Dolphin Jewel O New Dhamtari Road,802.4000000000001,0.0,1,1,1,0,1
399,32.2,raipur,0.1,0,90,2,1,1,0,2.0,Kachna Road,735.0,1.0,1,1,1,0,1
400,22980.0,raipur,0.2222222222222222,0,90,2,1,1,0,2.0,Chaitanya Greens Saddu,750.0,2.0,1,1,1,0,0
401,20.0,raipur,0.25,0,180,2,1,-1,0,2.0,Simran City 5 Santoshi Nagar,870.0,1.0,0,1,1,0,0
402,52.0,raipur,0.8,0,45,2,2,-1,-1,2.0,Jeevan Apartment Raipur,1030.0,4.0,0,0,0,0,0
403,28.9,raipur,0.0,0,90,2,2,-1,0,2.0,Dolphin Jewel O New Dhamtari Road,787.0,0.0,1,1,1,0,1
404,45.0,raipur,0.5,0,90,3,1,1,0,3.0,Anandam World City Kachna Road,1054.0,5.0,1,1,1,0,1
405,33.5,raipur,0.0,0,90,2,2,1,0,2.0,Mathpurena,805.0,0.0,1,1,1,0,1
406,85.0,raipur,0.5,2,-1,4,1,-1,-1,3.0,VIP City Raipur Vidhan Sabha Road,1360.0,3.0,0,0,0,0,0
407,58.8,raipur,0.0,0,90,5,3,1,0,4.0,Dolphin Jewel O New Dhamtari Road,1575.0,0.0,1,1,1,0,1
408,66.0,raipur,0.3,2,90,2,2,1,0,2.0,Avanti Vihar,1100.0,3.0,0,1,1,0,1
409,14.5,raipur,1.0,0,-1,1,0,-1,-1,1.0,Hirapur,456.0,6.0,0,0,0,0,0
410,49.6,raipur,0.5,2,0,3,3,-1,0,3.0,Solus Height Amlidhi,1080.8,3.0,0,0,0,0,0
411,18.0,raipur,0.25,0,90,2,1,0,0,2.0,Green Earth Society Amleshwar,645.0,1.0,0,1,1,0,1
412,,raipur,0.125,0,90,2,2,1,0,2.0,Bhatgaon,800.0,1.0,1,1,1,0,1
413,22.0,raipur,1.0,0,180,2,2,-1,0,2.0,Naya Raipur,600.8000000000001,6.0,0,0,1,0,0
414,32.0,raipur,0.8333333333333334,0,0,1,0,-1,0,1.0,Avinash Pride Hirapur,461.6,5.0,0,0,0,0,0
415,46.0,raipur,0.4,1,-1,2,3,1,-1,2.0,Pachpedi Naka,880.0,2.0,0,0,0,0,0
416,75.0,raipur,0.3333333333333333,0,135,3,2,-1,0,3.0,barsana enclave tatibandh Raipur,1500.0,2.0,0,1,0,0,1
417,20.0,raipur,0.5,0,-1,2,1,-1,-1,2.0,Cross Road Apartment Amlidhi,725.0,2.0,0,0,0,0,0
418,22.0,raipur,0.8333333333333334,1,90,2,2,-1,0,2.0,Bhanpuri,870.0,5.0,0,0,1,0,0
419,52.0,raipur,0.3,2,90,2,2,1,0,2.0,Avanti Vihar,1100.0,3.0,0,1,1,0,1
420,30.0,raipur,0.8571428571428571,1,-1,2,0,-1,-1,2.0,Gogaon,720.0,6.0,0,0,0,0,0
421,20.0,raipur,1.0,2,315,2,1,0,0,2.0,Maruti Residency,640.0,5.0,0,0,1,0,0
422,8.9,raipur,0.5,0,-1,1,1,-1,-1,2.0,Boria Kalan,389.6,2.0,0,1,1,0,0
423,58.0,raipur,0.3,1,90,3,2,1,0,3.0,Mowa,1300.0,3.0,0,1,1,0,0
424,31.5,raipur,0.0,0,90,2,1,1,0,2.0,Bhatagaon,761.0,0.0,1,1,1,0,0
425,52.0,raipur,0.5,0,90,3,3,1,0,3.0,Golden Sky VIP Road,1300.0,3.0,0,1,1,0,1
426,36.0,raipur,0.5,0,270,3,2,1,0,3.0,Shrinagar,800.0,4.0,1,1,1,0,1
427,23.0,raipur,0.5,0,-1,2,1,-1,0,2.0,Avinash Aashiyana Kabir Nagar,589.6,3.0,0,1,1,0,0
428,43.0,raipur,0.6666666666666666,2,-1,2,0,-1,-1,2.0,DN Heights Lalpur,956.8000000000001,4.0,0,0,0,0,0
429,27.9,raipur,0.6666666666666666,0,-1,2,2,-1,0,2.0,DM Towers Bhanpuri,840.8000000000001,4.0,0,1,1,0,0
430,31.5,raipur,0.0,0,90,3,3,1,0,2.0,Mathpurena,812.0,0.0,1,1,0,0,0
431,27.0,raipur,0.2,0,-1,2,1,-1,1,2.0,"Shanti Enclave, Changora Bhata Raipur",0.0,1.0,0,0,0,0,0
432,55.0,raipur,0.25,1,90,2,2,-1,0,2.0,Simran Heights Mahavir Nagar Anmol super bazar road Raipur Chhattisgarh Raipur,960.0,1.0,0,1,1,0,0
433,32.0,raipur,1.0,0,-1,3,2,-1,-1,3.0,Naya Raipur,800.0,6.0,0,0,0,0,0
434,18.5,raipur,0.75,1,-1,2,0,-1,-1,2.0,Bhatgaon,520.0,3.0,0,0,0,0,0
435,25.0,raipur,1.0,2,90,2,2,-1,0,2.0,Dhebar City Homes Bhatagaon,2000.0,4.0,1,1,0,0,1
436,65.0,raipur,0.3,2,90,2,2,1,0,2.0,Avanti Vihar,1100.0,3.0,0,1,1,0,1
437,21.0,raipur,1.0,0,-1,2,2,-1,0,2.0,DM Towers Bhanpuri,783.0,6.0,0,0,0,0,0
438,17.0,raipur,0.125,0,90,2,2,1,0,2.0,Deopuri,500.0,1.0,1,1,1,0,1
439,28.9,raipur,0.125,0,90,2,2,1,0,2.0,Deopuri,750.0,1.0,1,1,1,0,1
440,14.0,raipur,0.5,0,0,1,2,-1,0,2.0,Khamardih,500.0,3.0,0,1,1,0,0
441,45.0,raipur,0.125,1,-1,2,0,-1,-1,3.0,Sadar Bazar,640.0,1.0,0,0,0,0,0
442,25.0,raipur,0.5,0,-1,2,2,-1,-1,2.0,Amlidhi,850.0,3.0,0,0,0,0,0
443,33.5,raipur,0.3333333333333333,0,-1,3,0,-1,-1,3.0,Mahadev Ghat Road,1052.0,2.0,0,0,0,0,0
444,35.0,raipur,1.0,0,-1,2,0,-1,0,2.0,Om Shri Phase II Shankar Nagar,772.0,6.0,0,0,0,0,0
445,8.5,raipur,1.0,0,-1,1,0,-1,-1,2.0,Housing Board Colony,440.0,3.0,0,0,0,0,0
446,15.5,raipur,0.8333333333333334,0,-1,1,0,-1,-1,2.0,Housing Board Colony,440.0,5.0,0,0,0,0,0
447,25.0,raipur,0.1666666666666667,2,90,2,2,1,0,2.0,VIP Road,735.0,1.0,0,0,0,0,0
448,24.7,raipur,0.5,0,-1,2,0,-1,-1,2.0,Solus Height Amlidhi,784.8000000000001,3.0,0,0,0,0,0
449,37.0,raipur,1.0,0,-1,3,0,-1,-1,3.0,Mowa,1160.0,4.0,0,0,0,0,0
450,49.5,raipur,0.6666666666666666,2,-1,3,0,-1,-1,3.0,Amlihdih Raipur,880.0,4.0,0,0,0,0,0
451,45.0,raipur,0.8,0,270,2,3,-1,-1,2.0,shreeji towers Raipur,1135.0,4.0,0,1,1,0,0
452,30.0,raipur,0.6666666666666666,2,-1,2,2,1,-1,2.0,New Shanti Nagar,640.0,2.0,0,0,0,0,0
453,24.7,raipur,0.5,0,-1,2,0,-1,-1,2.0,Solus Height Amlidhi,784.8000000000001,3.0,0,0,0,0,0
454,42.5,raipur,0.5,0,90,3,2,-1,0,3.0,Anandam World City Kachna Road,1300.0,5.0,1,1,1,0,0
455,55.0,raipur,0.2727272727272727,0,-1,3,0,-1,-1,3.0,Wallfort Heights Bhatgaon,1272.0,3.0,0,0,0,0,0
456,55.0,raipur,0.8,2,-1,2,2,-1,-1,3.0,Byron Bazar,1120.0,4.0,0,0,0,0,0
457,40.0,raipur,0.75,0,-1,3,1,-1,-1,3.0,Avinash New County Naya Raipur,870.0,6.0,1,0,0,0,0
458,29.1,raipur,0.25,0,0,2,2,-1,0,3.0,Simran City 5 Santoshi Nagar,950.0,1.0,0,1,1,0,0
459,37.7,raipur,,0,90,2,2,1,0,3.0,Anandam World City Shankar Nagar,980.0,,1,1,1,0,1
460,20.0,raipur,,-1,-1,0,0,-1,-1,2.0,Green Earth Society Amleshwar,664.0,,0,0,0,0,0
461,40.0,raipur,1.0,0,-1,3,0,-1,-1,3.0,Lalpur,1415.0,5.0,0,0,0,0,0
462,90.0,raipur,0.7,0,45,3,3,-1,0,4.0,Avanti Vihar,2455.0,7.0,1,0,1,0,0
463,26.0,raipur,0.5,0,-1,2,0,1,-1,2.0,Mahaveer Nagar,716.0,2.0,0,0,0,0,0
464,31.5,raipur,1.0,1,90,2,2,1,0,2.0,Santoshi Nagar,775.0,2.0,1,1,1,0,0
465,30.0,raipur,0.25,1,-1,2,2,1,0,2.0,Daldal Seoni,880.0,1.0,0,0,1,0,0
466,31.5,raipur,0.3,1,90,2,2,1,0,2.0,Mathpurena,850.0,3.0,1,1,1,0,0
467,16.3,raipur,0.6666666666666666,1,0,1,1,-1,0,1.0,Avinash Vatika Urkura,388.0,4.0,0,1,1,0,0
468,38.0,raipur,1.0,0,90,2,1,-1,0,2.0,Ashoka Impression Mowa,753.0,6.0,0,0,0,0,0
469,31.0,raipur,0.375,1,90,2,2,1,0,2.0,Amlidhi,950.0,3.0,0,1,1,0,0
470,30.5,raipur,0.0,0,0,3,2,-1,0,3.0,Suryoday Society Raipur,962.0,0.0,0,1,0,0,0
471,33.0,raipur,0.5454545454545454,2,90,3,0,-1,0,3.0,Avinash New County Naya Raipur,928.0,6.0,0,1,0,0,0
472,20.0,raipur,0.8,0,-1,2,2,-1,-1,2.0,Mowa,696.0,4.0,0,0,0,0,0
473,140.0,raipur,0.2,0,90,4,2,1,0,4.0,Avanti Vihar,2800.0,2.0,1,1,1,0,1
474,8.0,raipur,1.0,0,-1,1,1,0,-1,1.0,Sejbahar,0.0,3.0,0,0,0,0,0
475,24.0,raipur,0.3333333333333333,0,-1,2,1,-1,0,2.0,Avinash Aashiyana Kabir Nagar,737.0,2.0,0,1,0,0,0
476,45.0,raipur,0.2,0,90,3,2,1,0,3.0,Anandam World City Shankar Nagar,1100.0,2.0,1,1,1,0,1
477,35.0,raipur,0.8571428571428571,1,-1,2,0,-1,-1,2.0,"Kota, Raipur Raipur",940.0,6.0,0,0,0,0,0
478,19.0,raipur,0.75,1,-1,2,1,-1,-1,2.0,Bhatagaon,66.0,3.0,0,0,0,0,0
479,22.0,raipur,0.3333333333333333,1,-1,2,1,-1,-1,2.0,Daldal Seoni,750.0,2.0,0,0,0,0,0
480,55.0,raipur,0.1666666666666667,2,-1,2,0,-1,-1,3.0,Singapore City Raipur Mohba Bazar,1048.8,1.0,0,0,0,0,0
481,14.0,raipur,1.0,0,180,1,0,-1,0,1.0,Avinash Aashiyana Kabir Nagar,389.0,6.0,1,1,0,0,0
482,55.0,raipur,0.5,2,-1,2,1,-1,0,3.0,Devendra Nagar,950.0,3.0,1,0,1,0,0
483,32.0,raipur,0.0,0,270,1,0,-1,-1,2.0,Nathani apartment Raipur,750.0,0.0,0,0,0,0,0
484,31.0,raipur,0.6666666666666666,0,-1,2,0,-1,-1,2.0,Raheja Sky Scape Saddu,806.4000000000001,4.0,0,0,0,0,0
485,21.0,raipur,1.0,1,90,2,1,-1,1,2.0,Ashoka Impression Mowa,671.0,6.0,1,1,0,0,0
486,56.0,raipur,0.5,2,90,3,2,1,0,3.0,Shankar Nagar,1400.0,3.0,0,1,1,0,0
487,33.4,raipur,0.2,1,90,2,2,1,0,2.0,Anandam World City Shankar Nagar,800.0,2.0,1,1,1,0,0
488,32.2,raipur,0.2,1,90,2,2,1,0,2.0,Anandam World City Shankar Nagar,800.0,2.0,1,1,1,0,0
489,33.0,raipur,0.6666666666666666,0,-1,2,0,-1,-1,2.0,Shankar Nagar,840.0,4.0,0,0,0,0,0
490,31.5,raipur,1.0,1,90,2,2,1,0,2.0,Bhatagaon,780.0,2.0,1,1,1,0,1
491,51.0,raipur,0.3333333333333333,1,-1,3,2,-1,-1,3.0,Golden Sky VIP Road,1300.0,2.0,0,0,0,0,0
492,49.0,raipur,0.6666666666666666,2,-1,3,3,-1,0,3.0,Solus Height Amlidhi,998.0,4.0,0,1,1,0,1
493,45.0,raipur,1.0,1,90,3,2,1,0,3.0,Kachna,1300.0,2.0,1,1,1,0,1
494,,raipur,0.5,0,-1,2,0,-1,0,2.0,Naya Raipur,782.0,3.0,0,0,0,0,0
495,90.0,raipur,0.7142857142857143,1,-1,3,0,-1,-1,3.0,Ashoka Ratan Shankar Nagar,1832.8,5.0,0,0,0,0,0
496,34.0,raipur,0.75,0,-1,2,2,-1,0,2.0,aryapolis Raipur,900.0,3.0,0,0,0,0,0
497,60.0,raipur,0.3,2,90,2,2,1,0,2.0,Avanti Vihar,1100.0,3.0,0,1,1,0,0
498,42.0,raipur,0.25,1,45,2,1,-1,0,2.0,Mathpurena,840.0,1.0,0,1,0,0,0
499,90.0,raipur,0.8571428571428571,1,90,3,2,-1,0,3.0,Ashoka Royale Shankar Nagar,1733.6,6.0,0,1,0,0,0
500,16.0,raipur,0.75,0,-1,2,2,-1,-1,2.0,Dhebar City Homes Bhatgaon,900.0,3.0,0,0,0,0,0
501,29.1,raipur,0.0,0,90,3,3,-1,0,3.0,Mathpurena,1000.0,0.0,0,1,1,0,0
502,32.2,raipur,0.5,1,0,2,2,1,0,2.0,Anandam World City Shankar Nagar,900.0,5.0,1,1,1,0,0
503,,raipur,0.5,1,90,3,2,1,0,3.0,Anandam World City Kachna,1125.0,3.0,1,1,0,0,0
504,31.5,raipur,0.5,0,90,2,3,1,0,2.0,Mathpurena,870.0,3.0,1,1,1,0,0
505,28.9,raipur,0.25,0,90,2,2,1,0,2.0,Dolphin Jewel O New Dhamtari Road,870.0,2.0,1,1,0,0,1
506,17.5,raipur,0.875,0,90,2,1,-1,0,2.0,Dolphin Jewel O Pachpedi Naka,500.0,7.0,1,0,1,0,0
507,58.7,raipur,0.375,0,90,4,5,1,0,4.0,Dolphin Jewel O New Dhamtari Road,1900.0,3.0,1,1,1,0,0
508,34.5,raipur,0.0,0,90,2,1,1,0,2.0,Shankar Nagar,920.0,0.0,1,1,1,0,1
509,31.5,raipur,0.125,2,90,2,3,1,0,2.0,Mathpurena,812.0,1.0,1,1,1,0,1
